Record Length,2.500000e+03,,   0.000920000000,   1.92000,
Sample Interval,4.000000e-07,,   0.000920400000,   1.92000,
Trigger Point,-2.300000000000e+03,,   0.000920800000,   1.90000,
,,,   0.000921200000,   1.90000,
,,,   0.000921600000,   1.90000,
,,,   0.000922000000,   1.94000,
Source,REF1,,   0.000922400000,   1.92000,
Vertical Units,V,,   0.000922800000,   1.94000,
Vertical Scale,5.000000e-01,,   0.000923200000,   1.94000,
Vertical Offset,-2.360000e+00,,   0.000923600000,   1.94000,
Horizontal Units,s,,   0.000924000000,   1.94000,
Horizontal Scale,1.000000e-04,,   0.000924400000,   1.94000,
Pt Fmt,Y,,   0.000924800000,   1.94000,
Yzero,0.000000e+00,,   0.000925200000,   1.92000,
Probe Atten,1.000000e+01,,   0.000925600000,   1.94000,
Model Number,TBS1052B-EDU,,   0.000926000000,   1.98000,
Serial Number,C014634,,   0.000926400000,   1.96000,
Firmware Version,FV:v2.52,,   0.000926800000,   1.96000,
,,,0.000927200000,   1.92000,
,,,0.000927600000,   1.94000,
,,,0.000928000000,   1.94000,
,,,0.000928400000,   1.96000,
,,,0.000928800000,   1.94000,
,,,0.000929200000,   1.94000,
,,,0.000929600000,   1.92000,
,,,0.000930000000,   1.94000,
,,,0.000930400000,   1.94000,
,,,0.000930800000,   1.92000,
,,,0.000931200000,   1.94000,
,,,0.000931600000,   1.94000,
,,,0.000932000000,   1.94000,
,,,0.000932400000,   1.92000,
,,,0.000932800000,   1.94000,
,,,0.000933200000,   1.94000,
,,,0.000933600000,   1.94000,
,,,0.000934000000,   1.94000,
,,,0.000934400000,   1.94000,
,,,0.000934800000,   1.94000,
,,,0.000935200000,   1.92000,
,,,0.000935600000,   1.94000,
,,,0.000936000000,   1.94000,
,,,0.000936400000,   1.90000,
,,,0.000936800000,   1.92000,
,,,0.000937200000,   1.94000,
,,,0.000937600000,   1.92000,
,,,0.000938000000,   1.92000,
,,,0.000938400000,   1.90000,
,,,0.000938800000,   1.92000,
,,,0.000939200000,   1.92000,
,,,0.000939600000,   1.92000,
,,,0.000940000000,   1.90000,
,,,0.000940400000,   1.92000,
,,,0.000940800000,   1.90000,
,,,0.000941200000,   1.90000,
,,,0.000941600000,   1.90000,
,,,0.000942000000,   1.90000,
,,,0.000942400000,   1.90000,
,,,0.000942800000,   1.92000,
,,,0.000943200000,   1.88000,
,,,0.000943600000,   1.92000,
,,,0.000944000000,   1.90000,
,,,0.000944400000,   1.90000,
,,,0.000944800000,   1.92000,
,,,0.000945200000,   1.90000,
,,,0.000945600000,   1.90000,
,,,0.000946000000,   1.92000,
,,,0.000946400000,   1.90000,
,,,0.000946800000,   1.92000,
,,,0.000947200000,   1.92000,
,,,0.000947600000,   1.94000,
,,,0.000948000000,   1.92000,
,,,0.000948400000,   1.92000,
,,,0.000948800000,   1.92000,
,,,0.000949200000,   1.90000,
,,,0.000949600000,   1.92000,
,,,0.000950000000,   1.94000,
,,,0.000950400000,   1.94000,
,,,0.000950800000,   1.92000,
,,,0.000951200000,   1.90000,
,,,0.000951600000,   1.92000,
,,,0.000952000000,   1.96000,
,,,0.000952400000,   1.94000,
,,,0.000952800000,   1.94000,
,,,0.000953200000,   1.94000,
,,,0.000953600000,   1.92000,
,,,0.000954000000,   1.92000,
,,,0.000954400000,   1.94000,
,,,0.000954800000,   1.92000,
,,,0.000955200000,   1.92000,
,,,0.000955600000,   1.96000,
,,,0.000956000000,   1.94000,
,,,0.000956400000,   1.94000,
,,,0.000956800000,   1.92000,
,,,0.000957200000,   1.94000,
,,,0.000957600000,   1.92000,
,,,0.000958000000,   1.94000,
,,,0.000958400000,   1.94000,
,,,0.000958800000,   1.94000,
,,,0.000959200000,   1.92000,
,,,0.000959600000,   1.94000,
,,,0.000960000000,   1.94000,
,,,0.000960400000,   1.90000,
,,,0.000960800000,   1.92000,
,,,0.000961200000,   1.92000,
,,,0.000961600000,   1.92000,
,,,0.000962000000,   1.90000,
,,,0.000962400000,   1.92000,
,,,0.000962800000,   1.92000,
,,,0.000963200000,   1.92000,
,,,0.000963600000,   1.90000,
,,,0.000964000000,   1.92000,
,,,0.000964400000,   1.90000,
,,,0.000964800000,   1.90000,
,,,0.000965200000,   1.92000,
,,,0.000965600000,   1.92000,
,,,0.000966000000,   1.92000,
,,,0.000966400000,   1.90000,
,,,0.000966800000,   1.90000,
,,,0.000967200000,   1.94000,
,,,0.000967600000,   1.88000,
,,,0.000968000000,   1.86000,
,,,0.000968400000,   1.92000,
,,,0.000968800000,   1.90000,
,,,0.000969200000,   1.90000,
,,,0.000969600000,   1.92000,
,,,0.000970000000,   1.88000,
,,,0.000970400000,   1.90000,
,,,0.000970800000,   1.92000,
,,,0.000971200000,   1.94000,
,,,0.000971600000,   1.92000,
,,,0.000972000000,   1.92000,
,,,0.000972400000,   1.94000,
,,,0.000972800000,   1.92000,
,,,0.000973200000,   1.94000,
,,,0.000973600000,   1.90000,
,,,0.000974000000,   1.94000,
,,,0.000974400000,   1.92000,
,,,0.000974800000,   1.92000,
,,,0.000975200000,   1.94000,
,,,0.000975600000,   1.94000,
,,,0.000976000000,   1.92000,
,,,0.000976400000,   1.94000,
,,,0.000976800000,   1.92000,
,,,0.000977200000,   1.94000,
,,,0.000977600000,   1.92000,
,,,0.000978000000,   1.94000,
,,,0.000978400000,   1.92000,
,,,0.000978800000,   1.92000,
,,,0.000979200000,   1.94000,
,,,0.000979600000,   1.94000,
,,,0.000980000000,   1.94000,
,,,0.000980400000,   1.96000,
,,,0.000980800000,   1.94000,
,,,0.000981200000,   1.94000,
,,,0.000981600000,   1.96000,
,,,0.000982000000,   1.96000,
,,,0.000982400000,   1.94000,
,,,0.000982800000,   1.96000,
,,,0.000983200000,   1.94000,
,,,0.000983600000,   1.92000,
,,,0.000984000000,   1.90000,
,,,0.000984400000,   1.92000,
,,,0.000984800000,   1.92000,
,,,0.000985200000,   1.94000,
,,,0.000985600000,   1.94000,
,,,0.000986000000,   1.90000,
,,,0.000986400000,   1.92000,
,,,0.000986800000,   1.92000,
,,,0.000987200000,   1.92000,
,,,0.000987600000,   1.92000,
,,,0.000988000000,   1.90000,
,,,0.000988400000,   1.90000,
,,,0.000988800000,   1.90000,
,,,0.000989200000,   1.90000,
,,,0.000989600000,   1.90000,
,,,0.000990000000,   1.88000,
,,,0.000990400000,   1.90000,
,,,0.000990800000,   1.90000,
,,,0.000991200000,   1.90000,
,,,0.000991600000,   1.90000,
,,,0.000992000000,   1.92000,
,,,0.000992400000,   1.90000,
,,,0.000992800000,   1.92000,
,,,0.000993200000,   1.90000,
,,,0.000993600000,   1.90000,
,,,0.000994000000,   1.90000,
,,,0.000994400000,   1.92000,
,,,0.000994800000,   1.90000,
,,,0.000995200000,   1.92000,
,,,0.000995600000,   1.92000,
,,,0.000996000000,   1.92000,
,,,0.000996400000,   1.90000,
,,,0.000996800000,   1.90000,
,,,0.000997200000,   1.92000,
,,,0.000997600000,   1.92000,
,,,0.000998000000,   1.92000,
,,,0.000998400000,   1.94000,
,,,0.000998800000,   1.92000,
,,,0.000999200000,   1.92000,
,,,0.000999600000,   1.92000,
,,,0.001000000000,   1.90000,
,,,0.001000400000,   1.94000,
,,,0.001000800000,   1.94000,
,,,0.001001200000,   1.94000,
,,,0.001001600000,   1.96000,
,,,0.001002000000,   1.94000,
,,,0.001002400000,   1.94000,
,,,0.001002800000,   1.94000,
,,,0.001003200000,   1.94000,
,,,0.001003600000,   1.94000,
,,,0.001004000000,   1.96000,
,,,0.001004400000,   1.94000,
,,,0.001004800000,   1.94000,
,,,0.001005200000,   1.94000,
,,,0.001005600000,   1.96000,
,,,0.001006000000,   1.94000,
,,,0.001006400000,   1.94000,
,,,0.001006800000,   1.90000,
,,,0.001007200000,   1.94000,
,,,0.001007600000,   1.94000,
,,,0.001008000000,   1.92000,
,,,0.001008400000,   1.92000,
,,,0.001008800000,   1.94000,
,,,0.001009200000,   1.92000,
,,,0.001009600000,   1.92000,
,,,0.001010000000,   1.92000,
,,,0.001010400000,   1.94000,
,,,0.001010800000,   1.92000,
,,,0.001011200000,   1.92000,
,,,0.001011600000,   1.92000,
,,,0.001012000000,   1.92000,
,,,0.001012400000,   1.94000,
,,,0.001012800000,   1.90000,
,,,0.001013200000,   1.90000,
,,,0.001013600000,   1.90000,
,,,0.001014000000,   1.92000,
,,,0.001014400000,   1.90000,
,,,0.001014800000,   1.90000,
,,,0.001015200000,   1.90000,
,,,0.001015600000,   1.90000,
,,,0.001016000000,   1.90000,
,,,0.001016400000,   1.90000,
,,,0.001016800000,   1.90000,
,,,0.001017200000,   1.92000,
,,,0.001017600000,   1.90000,
,,,0.001018000000,   1.90000,
,,,0.001018400000,   1.92000,
,,,0.001018800000,   1.90000,
,,,0.001019200000,   1.92000,
,,,0.001019600000,   1.92000,
,,,0.001020000000,   1.88000,
,,,0.001020400000,   1.90000,
,,,0.001020800000,   1.92000,
,,,0.001021200000,   1.90000,
,,,0.001021600000,   1.92000,
,,,0.001022000000,   1.92000,
,,,0.001022400000,   1.92000,
,,,0.001022800000,   1.94000,
,,,0.001023200000,   1.92000,
,,,0.001023600000,   1.92000,
,,,0.001024000000,   1.94000,
,,,0.001024400000,   1.92000,
,,,0.001024800000,   1.94000,
,,,0.001025200000,   1.94000,
,,,0.001025600000,   1.92000,
,,,0.001026000000,   1.94000,
,,,0.001026400000,   1.94000,
,,,0.001026800000,   1.94000,
,,,0.001027200000,   1.94000,
,,,0.001027600000,   1.94000,
,,,0.001028000000,   1.94000,
,,,0.001028400000,   1.96000,
,,,0.001028800000,   1.94000,
,,,0.001029200000,   1.92000,
,,,0.001029600000,   1.94000,
,,,0.001030000000,   1.96000,
,,,0.001030400000,   1.94000,
,,,0.001030800000,   1.92000,
,,,0.001031200000,   1.92000,
,,,0.001031600000,   1.94000,
,,,0.001032000000,   1.94000,
,,,0.001032400000,   1.92000,
,,,0.001032800000,   1.94000,
,,,0.001033200000,   1.92000,
,,,0.001033600000,   1.92000,
,,,0.001034000000,   1.92000,
,,,0.001034400000,   1.92000,
,,,0.001034800000,   1.96000,
,,,0.001035200000,   1.92000,
,,,0.001035600000,   1.92000,
,,,0.001036000000,   1.92000,
,,,0.001036400000,   1.92000,
,,,0.001036800000,   1.90000,
,,,0.001037200000,   1.92000,
,,,0.001037600000,   1.92000,
,,,0.001038000000,   1.92000,
,,,0.001038400000,   1.92000,
,,,0.001038800000,   1.92000,
,,,0.001039200000,   1.90000,
,,,0.001039600000,   1.90000,
,,,0.001040000000,   1.92000,
,,,0.001040400000,   1.88000,
,,,0.001040800000,   1.92000,
,,,0.001041200000,   1.90000,
,,,0.001041600000,   1.92000,
,,,0.001042000000,   1.90000,
,,,0.001042400000,   1.92000,
,,,0.001042800000,   1.90000,
,,,0.001043200000,   1.92000,
,,,0.001043600000,   1.90000,
,,,0.001044000000,   1.90000,
,,,0.001044400000,   1.88000,
,,,0.001044800000,   1.90000,
,,,0.001045200000,   1.94000,
,,,0.001045600000,   1.92000,
,,,0.001046000000,   1.90000,
,,,0.001046400000,   1.92000,
,,,0.001046800000,   1.90000,
,,,0.001047200000,   1.92000,
,,,0.001047600000,   1.92000,
,,,0.001048000000,   1.92000,
,,,0.001048400000,   1.94000,
,,,0.001048800000,   1.94000,
,,,0.001049200000,   1.92000,
,,,0.001049600000,   1.92000,
,,,0.001050000000,   1.94000,
,,,0.001050400000,   1.92000,
,,,0.001050800000,   1.94000,
,,,0.001051200000,   1.92000,
,,,0.001051600000,   1.94000,
,,,0.001052000000,   1.94000,
,,,0.001052400000,   1.96000,
,,,0.001052800000,   1.94000,
,,,0.001053200000,   1.96000,
,,,0.001053600000,   1.94000,
,,,0.001054000000,   1.92000,
,,,0.001054400000,   1.94000,
,,,0.001054800000,   1.94000,
,,,0.001055200000,   1.94000,
,,,0.001055600000,   1.94000,
,,,0.001056000000,   1.94000,
,,,0.001056400000,   1.94000,
,,,0.001056800000,   1.94000,
,,,0.001057200000,   1.92000,
,,,0.001057600000,   1.94000,
,,,0.001058000000,   1.94000,
,,,0.001058400000,   1.92000,
,,,0.001058800000,   1.94000,
,,,0.001059200000,   1.92000,
,,,0.001059600000,   1.92000,
,,,0.001060000000,   1.96000,
,,,0.001060400000,   1.94000,
,,,0.001060800000,   1.94000,
,,,0.001061200000,   1.92000,
,,,0.001061600000,   1.92000,
,,,0.001062000000,   1.92000,
,,,0.001062400000,   1.92000,
,,,0.001062800000,   1.92000,
,,,0.001063200000,   1.92000,
,,,0.001063600000,   1.92000,
,,,0.001064000000,   1.88000,
,,,0.001064400000,   1.90000,
,,,0.001064800000,   1.92000,
,,,0.001065200000,   1.90000,
,,,0.001065600000,   1.92000,
,,,0.001066000000,   1.90000,
,,,0.001066400000,   1.90000,
,,,0.001066800000,   1.90000,
,,,0.001067200000,   1.90000,
,,,0.001067600000,   1.92000,
,,,0.001068000000,   1.90000,
,,,0.001068400000,   1.90000,
,,,0.001068800000,   1.92000,
,,,0.001069200000,   1.92000,
,,,0.001069600000,   1.94000,
,,,0.001070000000,   1.90000,
,,,0.001070400000,   1.92000,
,,,0.001070800000,   1.92000,
,,,0.001071200000,   1.92000,
,,,0.001071600000,   1.94000,
,,,0.001072000000,   1.94000,
,,,0.001072400000,   1.92000,
,,,0.001072800000,   1.92000,
,,,0.001073200000,   1.94000,
,,,0.001073600000,   1.92000,
,,,0.001074000000,   1.90000,
,,,0.001074400000,   1.94000,
,,,0.001074800000,   1.94000,
,,,0.001075200000,   1.94000,
,,,0.001075600000,   1.92000,
,,,0.001076000000,   1.94000,
,,,0.001076400000,   1.92000,
,,,0.001076800000,   1.94000,
,,,0.001077200000,   1.96000,
,,,0.001077600000,   1.96000,
,,,0.001078000000,   1.94000,
,,,0.001078400000,   1.94000,
,,,0.001078800000,   1.92000,
,,,0.001079200000,   1.94000,
,,,0.001079600000,   1.92000,
,,,0.001080000000,   1.94000,
,,,0.001080400000,   1.94000,
,,,0.001080800000,   1.92000,
,,,0.001081200000,   1.96000,
,,,0.001081600000,   1.94000,
,,,0.001082000000,   1.94000,
,,,0.001082400000,   1.92000,
,,,0.001082800000,   1.92000,
,,,0.001083200000,   1.94000,
,,,0.001083600000,   1.92000,
,,,0.001084000000,   1.94000,
,,,0.001084400000,   1.94000,
,,,0.001084800000,   1.94000,
,,,0.001085200000,   1.94000,
,,,0.001085600000,   1.92000,
,,,0.001086000000,   1.92000,
,,,0.001086400000,   1.92000,
,,,0.001086800000,   1.88000,
,,,0.001087200000,   1.90000,
,,,0.001087600000,   1.92000,
,,,0.001088000000,   1.92000,
,,,0.001088400000,   1.90000,
,,,0.001088800000,   1.90000,
,,,0.001089200000,   1.90000,
,,,0.001089600000,   1.90000,
,,,0.001090000000,   1.92000,
,,,0.001090400000,   1.90000,
,,,0.001090800000,   1.92000,
,,,0.001091200000,   1.92000,
,,,0.001091600000,   1.92000,
,,,0.001092000000,   1.92000,
,,,0.001092400000,   1.90000,
,,,0.001092800000,   1.94000,
,,,0.001093200000,   1.92000,
,,,0.001093600000,   1.90000,
,,,0.001094000000,   1.92000,
,,,0.001094400000,   1.92000,
,,,0.001094800000,   1.90000,
,,,0.001095200000,   1.92000,
,,,0.001095600000,   1.92000,
,,,0.001096000000,   1.94000,
,,,0.001096400000,   1.92000,
,,,0.001096800000,   1.90000,
,,,0.001097200000,   1.92000,
,,,0.001097600000,   1.92000,
,,,0.001098000000,   1.94000,
,,,0.001098400000,   1.92000,
,,,0.001098800000,   1.94000,
,,,0.001099200000,   1.94000,
,,,0.001099600000,   1.94000,
,,,0.001100000000,   1.94000,
,,,0.001100400000,   1.96000,
,,,0.001100800000,   1.94000,
,,,0.001101200000,   1.94000,
,,,0.001101600000,   1.94000,
,,,0.001102000000,   1.96000,
,,,0.001102400000,   1.94000,
,,,0.001102800000,   1.96000,
,,,0.001103200000,   1.92000,
,,,0.001103600000,   1.94000,
,,,0.001104000000,   1.94000,
,,,0.001104400000,   1.94000,
,,,0.001104800000,   1.92000,
,,,0.001105200000,   1.94000,
,,,0.001105600000,   1.92000,
,,,0.001106000000,   1.94000,
,,,0.001106400000,   1.92000,
,,,0.001106800000,   1.94000,
,,,0.001107200000,   1.92000,
,,,0.001107600000,   1.94000,
,,,0.001108000000,   1.90000,
,,,0.001108400000,   1.92000,
,,,0.001108800000,   1.92000,
,,,0.001109200000,   1.94000,
,,,0.001109600000,   1.90000,
,,,0.001110000000,   1.92000,
,,,0.001110400000,   1.92000,
,,,0.001110800000,   1.94000,
,,,0.001111200000,   1.92000,
,,,0.001111600000,   1.90000,
,,,0.001112000000,   1.92000,
,,,0.001112400000,   1.92000,
,,,0.001112800000,   1.92000,
,,,0.001113200000,   1.90000,
,,,0.001113600000,   1.94000,
,,,0.001114000000,   1.92000,
,,,0.001114400000,   1.92000,
,,,0.001114800000,   1.92000,
,,,0.001115200000,   1.94000,
,,,0.001115600000,   1.92000,
,,,0.001116000000,   1.92000,
,,,0.001116400000,   1.92000,
,,,0.001116800000,   1.92000,
,,,0.001117200000,   1.92000,
,,,0.001117600000,   1.92000,
,,,0.001118000000,   1.92000,
,,,0.001118400000,   1.94000,
,,,0.001118800000,   1.92000,
,,,0.001119200000,   1.92000,
,,,0.001119600000,   1.94000,
,,,0.001120000000,   1.92000,
,,,0.001120400000,   1.94000,
,,,0.001120800000,   1.92000,
,,,0.001121200000,   1.90000,
,,,0.001121600000,   1.90000,
,,,0.001122000000,   1.92000,
,,,0.001122400000,   1.92000,
,,,0.001122800000,   1.92000,
,,,0.001123200000,   1.90000,
,,,0.001123600000,   1.92000,
,,,0.001124000000,   1.92000,
,,,0.001124400000,   1.90000,
,,,0.001124800000,   1.92000,
,,,0.001125200000,   1.90000,
,,,0.001125600000,   1.92000,
,,,0.001126000000,   1.88000,
,,,0.001126400000,   1.88000,
,,,0.001126800000,   1.90000,
,,,0.001127200000,   1.88000,
,,,0.001127600000,   1.90000,
,,,0.001128000000,   1.92000,
,,,0.001128400000,   1.92000,
,,,0.001128800000,   1.88000,
,,,0.001129200000,   1.90000,
,,,0.001129600000,   1.92000,
,,,0.001130000000,   1.90000,
,,,0.001130400000,   1.90000,
,,,0.001130800000,   1.92000,
,,,0.001131200000,   1.92000,
,,,0.001131600000,   1.94000,
,,,0.001132000000,   1.92000,
,,,0.001132400000,   1.92000,
,,,0.001132800000,   1.94000,
,,,0.001133200000,   1.98000,
,,,0.001133600000,   1.94000,
,,,0.001134000000,   1.96000,
,,,0.001134400000,   1.96000,
,,,0.001134800000,   2.00000,
,,,0.001135200000,   2.00000,
,,,0.001135600000,   1.98000,
,,,0.001136000000,   2.02000,
,,,0.001136400000,   2.00000,
,,,0.001136800000,   2.00000,
,,,0.001137200000,   2.00000,
,,,0.001137600000,   2.00000,
,,,0.001138000000,   2.02000,
,,,0.001138400000,   2.00000,
,,,0.001138800000,   2.00000,
,,,0.001139200000,   2.00000,
,,,0.001139600000,   1.98000,
,,,0.001140000000,   1.98000,
,,,0.001140400000,   1.96000,
,,,0.001140800000,   1.96000,
,,,0.001141200000,   1.98000,
,,,0.001141600000,   1.96000,
,,,0.001142000000,   1.96000,
,,,0.001142400000,   1.94000,
,,,0.001142800000,   1.94000,
,,,0.001143200000,   1.90000,
,,,0.001143600000,   1.90000,
,,,0.001144000000,   1.88000,
,,,0.001144400000,   1.86000,
,,,0.001144800000,   1.88000,
,,,0.001145200000,   1.86000,
,,,0.001145600000,   1.86000,
,,,0.001146000000,   1.82000,
,,,0.001146400000,   1.82000,
,,,0.001146800000,   1.80000,
,,,0.001147200000,   1.80000,
,,,0.001147600000,   1.78000,
,,,0.001148000000,   1.82000,
,,,0.001148400000,   1.78000,
,,,0.001148800000,   1.80000,
,,,0.001149200000,   1.80000,
,,,0.001149600000,   1.78000,
,,,0.001150000000,   1.80000,
,,,0.001150400000,   1.78000,
,,,0.001150800000,   1.82000,
,,,0.001151200000,   1.84000,
,,,0.001151600000,   1.82000,
,,,0.001152000000,   1.82000,
,,,0.001152400000,   1.86000,
,,,0.001152800000,   1.86000,
,,,0.001153200000,   1.88000,
,,,0.001153600000,   1.90000,
,,,0.001154000000,   1.90000,
,,,0.001154400000,   1.90000,
,,,0.001154800000,   1.94000,
,,,0.001155200000,   1.96000,
,,,0.001155600000,   1.96000,
,,,0.001156000000,   2.00000,
,,,0.001156400000,   2.02000,
,,,0.001156800000,   2.02000,
,,,0.001157200000,   2.04000,
,,,0.001157600000,   2.06000,
,,,0.001158000000,   2.06000,
,,,0.001158400000,   2.06000,
,,,0.001158800000,   2.10000,
,,,0.001159200000,   2.10000,
,,,0.001159600000,   2.10000,
,,,0.001160000000,   2.12000,
,,,0.001160400000,   2.12000,
,,,0.001160800000,   2.10000,
,,,0.001161200000,   2.10000,
,,,0.001161600000,   2.10000,
,,,0.001162000000,   2.08000,
,,,0.001162400000,   2.06000,
,,,0.001162800000,   2.06000,
,,,0.001163200000,   2.06000,
,,,0.001163600000,   2.06000,
,,,0.001164000000,   2.04000,
,,,0.001164400000,   2.02000,
,,,0.001164800000,   1.98000,
,,,0.001165200000,   1.96000,
,,,0.001165600000,   1.96000,
,,,0.001166000000,   1.94000,
,,,0.001166400000,   1.88000,
,,,0.001166800000,   1.88000,
,,,0.001167200000,   1.86000,
,,,0.001167600000,   1.82000,
,,,0.001168000000,   1.82000,
,,,0.001168400000,   1.80000,
,,,0.001168800000,   1.78000,
,,,0.001169200000,   1.76000,
,,,0.001169600000,   1.74000,
,,,0.001170000000,   1.72000,
,,,0.001170400000,   1.70000,
,,,0.001170800000,   1.70000,
,,,0.001171200000,   1.70000,
,,,0.001171600000,   1.70000,
,,,0.001172000000,   1.68000,
,,,0.001172400000,   1.70000,
,,,0.001172800000,   1.68000,
,,,0.001173200000,   1.72000,
,,,0.001173600000,   1.70000,
,,,0.001174000000,   1.72000,
,,,0.001174400000,   1.76000,
,,,0.001174800000,   1.76000,
,,,0.001175200000,   1.78000,
,,,0.001175600000,   1.78000,
,,,0.001176000000,   1.80000,
,,,0.001176400000,   1.80000,
,,,0.001176800000,   1.84000,
,,,0.001177200000,   1.88000,
,,,0.001177600000,   1.90000,
,,,0.001178000000,   1.90000,
,,,0.001178400000,   1.92000,
,,,0.001178800000,   1.96000,
,,,0.001179200000,   1.98000,
,,,0.001179600000,   2.02000,
,,,0.001180000000,   2.02000,
,,,0.001180400000,   2.06000,
,,,0.001180800000,   2.06000,
,,,0.001181200000,   2.08000,
,,,0.001181600000,   2.10000,
,,,0.001182000000,   2.10000,
,,,0.001182400000,   2.14000,
,,,0.001182800000,   2.14000,
,,,0.001183200000,   2.16000,
,,,0.001183600000,   2.16000,
,,,0.001184000000,   2.16000,
,,,0.001184400000,   2.18000,
,,,0.001184800000,   2.16000,
,,,0.001185200000,   2.18000,
,,,0.001185600000,   2.16000,
,,,0.001186000000,   2.16000,
,,,0.001186400000,   2.14000,
,,,0.001186800000,   2.14000,
,,,0.001187200000,   2.12000,
,,,0.001187600000,   2.12000,
,,,0.001188000000,   2.08000,
,,,0.001188400000,   2.08000,
,,,0.001188800000,   2.06000,
,,,0.001189200000,   2.04000,
,,,0.001189600000,   2.00000,
,,,0.001190000000,   1.98000,
,,,0.001190400000,   1.98000,
,,,0.001190800000,   1.92000,
,,,0.001191200000,   1.90000,
,,,0.001191600000,   1.88000,
,,,0.001192000000,   1.84000,
,,,0.001192400000,   1.82000,
,,,0.001192800000,   1.80000,
,,,0.001193200000,   1.76000,
,,,0.001193600000,   1.74000,
,,,0.001194000000,   1.70000,
,,,0.001194400000,   1.68000,
,,,0.001194800000,   1.68000,
,,,0.001195200000,   1.66000,
,,,0.001195600000,   1.64000,
,,,0.001196000000,   1.62000,
,,,0.001196400000,   1.60000,
,,,0.001196800000,   1.58000,
,,,0.001197200000,   1.60000,
,,,0.001197600000,   1.60000,
,,,0.001198000000,   1.58000,
,,,0.001198400000,   1.62000,
,,,0.001198800000,   1.62000,
,,,0.001199200000,   1.62000,
,,,0.001199600000,   1.62000,
,,,0.001200000000,   1.66000,
,,,0.001200400000,   1.68000,
,,,0.001200800000,   1.70000,
,,,0.001201200000,   1.74000,
,,,0.001201600000,   1.76000,
,,,0.001202000000,   1.78000,
,,,0.001202400000,   1.86000,
,,,0.001202800000,   1.86000,
,,,0.001203200000,   1.90000,
,,,0.001203600000,   1.96000,
,,,0.001204000000,   1.98000,
,,,0.001204400000,   2.00000,
,,,0.001204800000,   2.04000,
,,,0.001205200000,   2.08000,
,,,0.001205600000,   2.10000,
,,,0.001206000000,   2.16000,
,,,0.001206400000,   2.20000,
,,,0.001206800000,   2.22000,
,,,0.001207200000,   2.24000,
,,,0.001207600000,   2.24000,
,,,0.001208000000,   2.26000,
,,,0.001208400000,   2.30000,
,,,0.001208800000,   2.30000,
,,,0.001209200000,   2.32000,
,,,0.001209600000,   2.30000,
,,,0.001210000000,   2.32000,
,,,0.001210400000,   2.32000,
,,,0.001210800000,   2.30000,
,,,0.001211200000,   2.30000,
,,,0.001211600000,   2.30000,
,,,0.001212000000,   2.28000,
,,,0.001212400000,   2.24000,
,,,0.001212800000,   2.22000,
,,,0.001213200000,   2.20000,
,,,0.001213600000,   2.18000,
,,,0.001214000000,   2.12000,
,,,0.001214400000,   2.08000,
,,,0.001214800000,   2.02000,
,,,0.001215200000,   1.98000,
,,,0.001215600000,   1.92000,
,,,0.001216000000,   1.88000,
,,,0.001216400000,   1.84000,
,,,0.001216800000,   1.80000,
,,,0.001217200000,   1.74000,
,,,0.001217600000,   1.72000,
,,,0.001218000000,   1.62000,
,,,0.001218400000,   1.62000,
,,,0.001218800000,   1.56000,
,,,0.001219200000,   1.54000,
,,,0.001219600000,   1.48000,
,,,0.001220000000,   1.50000,
,,,0.001220400000,   1.42000,
,,,0.001220800000,   1.42000,
,,,0.001221200000,   1.40000,
,,,0.001221600000,   1.42000,
,,,0.001222000000,   1.40000,
,,,0.001222400000,   1.42000,
,,,0.001222800000,   1.42000,
,,,0.001223200000,   1.46000,
,,,0.001223600000,   1.48000,
,,,0.001224000000,   1.54000,
,,,0.001224400000,   1.56000,
,,,0.001224800000,   1.62000,
,,,0.001225200000,   1.64000,
,,,0.001225600000,   1.68000,
,,,0.001226000000,   1.72000,
,,,0.001226400000,   1.78000,
,,,0.001226800000,   1.86000,
,,,0.001227200000,   1.88000,
,,,0.001227600000,   1.96000,
,,,0.001228000000,   2.02000,
,,,0.001228400000,   2.06000,
,,,0.001228800000,   2.06000,
,,,0.001229200000,   2.14000,
,,,0.001229600000,   2.18000,
,,,0.001230000000,   2.24000,
,,,0.001230400000,   2.28000,
,,,0.001230800000,   2.34000,
,,,0.001231200000,   2.34000,
,,,0.001231600000,   2.34000,
,,,0.001232000000,   2.40000,
,,,0.001232400000,   2.42000,
,,,0.001232800000,   2.44000,
,,,0.001233200000,   2.42000,
,,,0.001233600000,   2.44000,
,,,0.001234000000,   2.44000,
,,,0.001234400000,   2.44000,
,,,0.001234800000,   2.42000,
,,,0.001235200000,   2.40000,
,,,0.001235600000,   2.38000,
,,,0.001236000000,   2.36000,
,,,0.001236400000,   2.30000,
,,,0.001236800000,   2.30000,
,,,0.001237200000,   2.24000,
,,,0.001237600000,   2.18000,
,,,0.001238000000,   2.16000,
,,,0.001238400000,   2.10000,
,,,0.001238800000,   2.04000,
,,,0.001239200000,   1.98000,
,,,0.001239600000,   1.94000,
,,,0.001240000000,   1.86000,
,,,0.001240400000,   1.84000,
,,,0.001240800000,   1.78000,
,,,0.001241200000,   1.72000,
,,,0.001241600000,   1.68000,
,,,0.001242000000,   1.62000,
,,,0.001242400000,   1.58000,
,,,0.001242800000,   1.54000,
,,,0.001243200000,   1.52000,
,,,0.001243600000,   1.48000,
,,,0.001244000000,   1.42000,
,,,0.001244400000,   1.42000,
,,,0.001244800000,   1.42000,
,,,0.001245200000,   1.42000,
,,,0.001245600000,   1.42000,
,,,0.001246000000,   1.42000,
,,,0.001246400000,   1.44000,
,,,0.001246800000,   1.44000,
,,,0.001247200000,   1.44000,
,,,0.001247600000,   1.48000,
,,,0.001248000000,   1.56000,
,,,0.001248400000,   1.56000,
,,,0.001248800000,   1.58000,
,,,0.001249200000,   1.62000,
,,,0.001249600000,   1.66000,
,,,0.001250000000,   1.72000,
,,,0.001250400000,   1.76000,
,,,0.001250800000,   1.80000,
,,,0.001251200000,   1.88000,
,,,0.001251600000,   1.90000,
,,,0.001252000000,   1.96000,
,,,0.001252400000,   1.98000,
,,,0.001252800000,   2.04000,
,,,0.001253200000,   2.10000,
,,,0.001253600000,   2.12000,
,,,0.001254000000,   2.14000,
,,,0.001254400000,   2.20000,
,,,0.001254800000,   2.22000,
,,,0.001255200000,   2.24000,
,,,0.001255600000,   2.26000,
,,,0.001256000000,   2.32000,
,,,0.001256400000,   2.30000,
,,,0.001256800000,   2.34000,
,,,0.001257200000,   2.36000,
,,,0.001257600000,   2.34000,
,,,0.001258000000,   2.34000,
,,,0.001258400000,   2.36000,
,,,0.001258800000,   2.36000,
,,,0.001259200000,   2.36000,
,,,0.001259600000,   2.34000,
,,,0.001260000000,   2.34000,
,,,0.001260400000,   2.32000,
,,,0.001260800000,   2.28000,
,,,0.001261200000,   2.26000,
,,,0.001261600000,   2.24000,
,,,0.001262000000,   2.22000,
,,,0.001262400000,   2.20000,
,,,0.001262800000,   2.16000,
,,,0.001263200000,   2.12000,
,,,0.001263600000,   2.10000,
,,,0.001264000000,   2.06000,
,,,0.001264400000,   2.02000,
,,,0.001264800000,   1.96000,
,,,0.001265200000,   1.92000,
,,,0.001265600000,   1.88000,
,,,0.001266000000,   1.84000,
,,,0.001266400000,   1.80000,
,,,0.001266800000,   1.76000,
,,,0.001267200000,   1.72000,
,,,0.001267600000,   1.66000,
,,,0.001268000000,   1.66000,
,,,0.001268400000,   1.58000,
,,,0.001268800000,   1.60000,
,,,0.001269200000,   1.54000,
,,,0.001269600000,   1.52000,
,,,0.001270000000,   1.50000,
,,,0.001270400000,   1.50000,
,,,0.001270800000,   1.48000,
,,,0.001271200000,   1.46000,
,,,0.001271600000,   1.44000,
,,,0.001272000000,   1.46000,
,,,0.001272400000,   1.46000,
,,,0.001272800000,   1.44000,
,,,0.001273200000,   1.50000,
,,,0.001273600000,   1.48000,
,,,0.001274000000,   1.50000,
,,,0.001274400000,   1.54000,
,,,0.001274800000,   1.56000,
,,,0.001275200000,   1.58000,
,,,0.001275600000,   1.62000,
,,,0.001276000000,   1.66000,
,,,0.001276400000,   1.70000,
,,,0.001276800000,   1.74000,
,,,0.001277200000,   1.80000,
,,,0.001277600000,   1.84000,
,,,0.001278000000,   1.90000,
,,,0.001278400000,   1.94000,
,,,0.001278800000,   1.98000,
,,,0.001279200000,   2.02000,
,,,0.001279600000,   2.08000,
,,,0.001280000000,   2.14000,
,,,0.001280400000,   2.16000,
,,,0.001280800000,   2.22000,
,,,0.001281200000,   2.28000,
,,,0.001281600000,   2.28000,
,,,0.001282000000,   2.34000,
,,,0.001282400000,   2.38000,
,,,0.001282800000,   2.36000,
,,,0.001283200000,   2.40000,
,,,0.001283600000,   2.42000,
,,,0.001284000000,   2.44000,
,,,0.001284400000,   2.46000,
,,,0.001284800000,   2.44000,
,,,0.001285200000,   2.48000,
,,,0.001285600000,   2.46000,
,,,0.001286000000,   2.46000,
,,,0.001286400000,   2.44000,
,,,0.001286800000,   2.42000,
,,,0.001287200000,   2.40000,
,,,0.001287600000,   2.36000,
,,,0.001288000000,   2.34000,
,,,0.001288400000,   2.28000,
,,,0.001288800000,   2.24000,
,,,0.001289200000,   2.18000,
,,,0.001289600000,   2.14000,
,,,0.001290000000,   2.10000,
,,,0.001290400000,   2.04000,
,,,0.001290800000,   1.96000,
,,,0.001291200000,   1.88000,
,,,0.001291600000,   1.82000,
,,,0.001292000000,   1.76000,
,,,0.001292400000,   1.70000,
,,,0.001292800000,   1.62000,
,,,0.001293200000,   1.56000,
,,,0.001293600000,   1.50000,
,,,0.001294000000,   1.46000,
,,,0.001294400000,   1.42000,
,,,0.001294800000,   1.38000,
,,,0.001295200000,   1.34000,
,,,0.001295600000,   1.30000,
,,,0.001296000000,   1.30000,
,,,0.001296400000,   1.26000,
,,,0.001296800000,   1.24000,
,,,0.001297200000,   1.26000,
,,,0.001297600000,   1.28000,
,,,0.001298000000,   1.28000,
,,,0.001298400000,   1.34000,
,,,0.001298800000,   1.36000,
,,,0.001299200000,   1.40000,
,,,0.001299600000,   1.44000,
,,,0.001300000000,   1.46000,
,,,0.001300400000,   1.52000,
,,,0.001300800000,   1.58000,
,,,0.001301200000,   1.64000,
,,,0.001301600000,   1.70000,
,,,0.001302000000,   1.76000,
,,,0.001302400000,   1.84000,
,,,0.001302800000,   1.92000,
,,,0.001303200000,   1.98000,
,,,0.001303600000,   2.04000,
,,,0.001304000000,   2.10000,
,,,0.001304400000,   2.14000,
,,,0.001304800000,   2.24000,
,,,0.001305200000,   2.26000,
,,,0.001305600000,   2.32000,
,,,0.001306000000,   2.34000,
,,,0.001306400000,   2.42000,
,,,0.001306800000,   2.44000,
,,,0.001307200000,   2.48000,
,,,0.001307600000,   2.48000,
,,,0.001308000000,   2.52000,
,,,0.001308400000,   2.52000,
,,,0.001308800000,   2.54000,
,,,0.001309200000,   2.58000,
,,,0.001309600000,   2.56000,
,,,0.001310000000,   2.52000,
,,,0.001310400000,   2.50000,
,,,0.001310800000,   2.50000,
,,,0.001311200000,   2.46000,
,,,0.001311600000,   2.46000,
,,,0.001312000000,   2.42000,
,,,0.001312400000,   2.36000,
,,,0.001312800000,   2.34000,
,,,0.001313200000,   2.28000,
,,,0.001313600000,   2.22000,
,,,0.001314000000,   2.16000,
,,,0.001314400000,   2.10000,
,,,0.001314800000,   2.04000,
,,,0.001315200000,   1.96000,
,,,0.001315600000,   1.88000,
,,,0.001316000000,   1.84000,
,,,0.001316400000,   1.76000,
,,,0.001316800000,   1.70000,
,,,0.001317200000,   1.64000,
,,,0.001317600000,   1.58000,
,,,0.001318000000,   1.52000,
,,,0.001318400000,   1.48000,
,,,0.001318800000,   1.44000,
,,,0.001319200000,   1.40000,
,,,0.001319600000,   1.36000,
,,,0.001320000000,   1.36000,
,,,0.001320400000,   1.32000,
,,,0.001320800000,   1.30000,
,,,0.001321200000,   1.30000,
,,,0.001321600000,   1.30000,
,,,0.001322000000,   1.32000,
,,,0.001322400000,   1.34000,
,,,0.001322800000,   1.36000,
,,,0.001323200000,   1.36000,
,,,0.001323600000,   1.40000,
,,,0.001324000000,   1.44000,
,,,0.001324400000,   1.48000,
,,,0.001324800000,   1.52000,
,,,0.001325200000,   1.56000,
,,,0.001325600000,   1.60000,
,,,0.001326000000,   1.66000,
,,,0.001326400000,   1.70000,
,,,0.001326800000,   1.78000,
,,,0.001327200000,   1.84000,
,,,0.001327600000,   1.88000,
,,,0.001328000000,   1.94000,
,,,0.001328400000,   2.00000,
,,,0.001328800000,   2.04000,
,,,0.001329200000,   2.10000,
,,,0.001329600000,   2.14000,
,,,0.001330000000,   2.20000,
,,,0.001330400000,   2.24000,
,,,0.001330800000,   2.28000,
,,,0.001331200000,   2.32000,
,,,0.001331600000,   2.36000,
,,,0.001332000000,   2.40000,
,,,0.001332400000,   2.40000,
,,,0.001332800000,   2.44000,
,,,0.001333200000,   2.46000,
,,,0.001333600000,   2.48000,
,,,0.001334000000,   2.46000,
,,,0.001334400000,   2.48000,
,,,0.001334800000,   2.50000,
,,,0.001335200000,   2.48000,
,,,0.001335600000,   2.48000,
,,,0.001336000000,   2.46000,
,,,0.001336400000,   2.42000,
,,,0.001336800000,   2.40000,
,,,0.001337200000,   2.38000,
,,,0.001337600000,   2.36000,
,,,0.001338000000,   2.34000,
,,,0.001338400000,   2.28000,
,,,0.001338800000,   2.24000,
,,,0.001339200000,   2.20000,
,,,0.001339600000,   2.14000,
,,,0.001340000000,   2.08000,
,,,0.001340400000,   2.04000,
,,,0.001340800000,   1.98000,
,,,0.001341200000,   1.90000,
,,,0.001341600000,   1.88000,
,,,0.001342000000,   1.78000,
,,,0.001342400000,   1.74000,
,,,0.001342800000,   1.68000,
,,,0.001343200000,   1.60000,
,,,0.001343600000,   1.58000,
,,,0.001344000000,   1.50000,
,,,0.001344400000,   1.46000,
,,,0.001344800000,   1.44000,
,,,0.001345200000,   1.38000,
,,,0.001345600000,   1.36000,
,,,0.001346000000,   1.32000,
,,,0.001346400000,   1.30000,
,,,0.001346800000,   1.32000,
,,,0.001347200000,   1.26000,
,,,0.001347600000,   1.26000,
,,,0.001348000000,   1.28000,
,,,0.001348400000,   1.28000,
,,,0.001348800000,   1.32000,
,,,0.001349200000,   1.34000,
,,,0.001349600000,   1.38000,
,,,0.001350000000,   1.38000,
,,,0.001350400000,   1.46000,
,,,0.001350800000,   1.50000,
,,,0.001351200000,   1.54000,
,,,0.001351600000,   1.60000,
,,,0.001352000000,   1.62000,
,,,0.001352400000,   1.72000,
,,,0.001352800000,   1.80000,
,,,0.001353200000,   1.86000,
,,,0.001353600000,   1.90000,
,,,0.001354000000,   1.98000,
,,,0.001354400000,   2.06000,
,,,0.001354800000,   2.12000,
,,,0.001355200000,   2.18000,
,,,0.001355600000,   2.22000,
,,,0.001356000000,   2.28000,
,,,0.001356400000,   2.32000,
,,,0.001356800000,   2.40000,
,,,0.001357200000,   2.42000,
,,,0.001357600000,   2.46000,
,,,0.001358000000,   2.52000,
,,,0.001358400000,   2.54000,
,,,0.001358800000,   2.56000,
,,,0.001359200000,   2.58000,
,,,0.001359600000,   2.58000,
,,,0.001360000000,   2.58000,
,,,0.001360400000,   2.60000,
,,,0.001360800000,   2.60000,
,,,0.001361200000,   2.60000,
,,,0.001361600000,   2.58000,
,,,0.001362000000,   2.54000,
,,,0.001362400000,   2.52000,
,,,0.001362800000,   2.44000,
,,,0.001363200000,   2.42000,
,,,0.001363600000,   2.40000,
,,,0.001364000000,   2.30000,
,,,0.001364400000,   2.24000,
,,,0.001364800000,   2.18000,
,,,0.001365200000,   2.14000,
,,,0.001365600000,   2.06000,
,,,0.001366000000,   1.94000,
,,,0.001366400000,   1.88000,
,,,0.001366800000,   1.84000,
,,,0.001367200000,   1.72000,
,,,0.001367600000,   1.66000,
,,,0.001368000000,   1.58000,
,,,0.001368400000,   1.50000,
,,,0.001368800000,   1.44000,
,,,0.001369200000,   1.38000,
,,,0.001369600000,   1.32000,
,,,0.001370000000,   1.28000,
,,,0.001370400000,   1.20000,
,,,0.001370800000,   1.20000,
,,,0.001371200000,   1.18000,
,,,0.001371600000,   1.12000,
,,,0.001372000000,   1.18000,
,,,0.001372400000,   1.14000,
,,,0.001372800000,   1.18000,
,,,0.001373200000,   1.20000,
,,,0.001373600000,   1.24000,
,,,0.001374000000,   1.26000,
,,,0.001374400000,   1.32000,
,,,0.001374800000,   1.40000,
,,,0.001375200000,   1.40000,
,,,0.001375600000,   1.48000,
,,,0.001376000000,   1.54000,
,,,0.001376400000,   1.60000,
,,,0.001376800000,   1.68000,
,,,0.001377200000,   1.78000,
,,,0.001377600000,   1.86000,
,,,0.001378000000,   1.92000,
,,,0.001378400000,   1.98000,
,,,0.001378800000,   2.06000,
,,,0.001379200000,   2.14000,
,,,0.001379600000,   2.22000,
,,,0.001380000000,   2.26000,
,,,0.001380400000,   2.32000,
,,,0.001380800000,   2.38000,
,,,0.001381200000,   2.44000,
,,,0.001381600000,   2.46000,
,,,0.001382000000,   2.52000,
,,,0.001382400000,   2.54000,
,,,0.001382800000,   2.56000,
,,,0.001383200000,   2.60000,
,,,0.001383600000,   2.60000,
,,,0.001384000000,   2.60000,
,,,0.001384400000,   2.62000,
,,,0.001384800000,   2.58000,
,,,0.001385200000,   2.60000,
,,,0.001385600000,   2.60000,
,,,0.001386000000,   2.56000,
,,,0.001386400000,   2.54000,
,,,0.001386800000,   2.46000,
,,,0.001387200000,   2.46000,
,,,0.001387600000,   2.40000,
,,,0.001388000000,   2.38000,
,,,0.001388400000,   2.32000,
,,,0.001388800000,   2.24000,
,,,0.001389200000,   2.18000,
,,,0.001389600000,   2.12000,
,,,0.001390000000,   2.06000,
,,,0.001390400000,   1.96000,
,,,0.001390800000,   1.90000,
,,,0.001391200000,   1.84000,
,,,0.001391600000,   1.76000,
,,,0.001392000000,   1.70000,
,,,0.001392400000,   1.62000,
,,,0.001392800000,   1.58000,
,,,0.001393200000,   1.50000,
,,,0.001393600000,   1.44000,
,,,0.001394000000,   1.40000,
,,,0.001394400000,   1.38000,
,,,0.001394800000,   1.32000,
,,,0.001395200000,   1.30000,
,,,0.001395600000,   1.26000,
,,,0.001396000000,   1.24000,
,,,0.001396400000,   1.28000,
,,,0.001396800000,   1.26000,
,,,0.001397200000,   1.24000,
,,,0.001397600000,   1.30000,
,,,0.001398000000,   1.32000,
,,,0.001398400000,   1.30000,
,,,0.001398800000,   1.36000,
,,,0.001399200000,   1.38000,
,,,0.001399600000,   1.40000,
,,,0.001400000000,   1.48000,
,,,0.001400400000,   1.52000,
,,,0.001400800000,   1.60000,
,,,0.001401200000,   1.64000,
,,,0.001401600000,   1.70000,
,,,0.001402000000,   1.76000,
,,,0.001402400000,   1.80000,
,,,0.001402800000,   1.86000,
,,,0.001403200000,   1.96000,
,,,0.001403600000,   2.00000,
,,,0.001404000000,   2.06000,
,,,0.001404400000,   2.10000,
,,,0.001404800000,   2.16000,
,,,0.001405200000,   2.20000,
,,,0.001405600000,   2.26000,
,,,0.001406000000,   2.28000,
,,,0.001406400000,   2.36000,
,,,0.001406800000,   2.38000,
,,,0.001407200000,   2.38000,
,,,0.001407600000,   2.42000,
,,,0.001408000000,   2.46000,
,,,0.001408400000,   2.50000,
,,,0.001408800000,   2.48000,
,,,0.001409200000,   2.50000,
,,,0.001409600000,   2.52000,
,,,0.001410000000,   2.52000,
,,,0.001410400000,   2.52000,
,,,0.001410800000,   2.50000,
,,,0.001411200000,   2.50000,
,,,0.001411600000,   2.48000,
,,,0.001412000000,   2.44000,
,,,0.001412400000,   2.44000,
,,,0.001412800000,   2.40000,
,,,0.001413200000,   2.38000,
,,,0.001413600000,   2.30000,
,,,0.001414000000,   2.28000,
,,,0.001414400000,   2.22000,
,,,0.001414800000,   2.16000,
,,,0.001415200000,   2.10000,
,,,0.001415600000,   2.06000,
,,,0.001416000000,   1.98000,
,,,0.001416400000,   1.92000,
,,,0.001416800000,   1.88000,
,,,0.001417200000,   1.82000,
,,,0.001417600000,   1.72000,
,,,0.001418000000,   1.68000,
,,,0.001418400000,   1.62000,
,,,0.001418800000,   1.58000,
,,,0.001419200000,   1.50000,
,,,0.001419600000,   1.44000,
,,,0.001420000000,   1.40000,
,,,0.001420400000,   1.34000,
,,,0.001420800000,   1.32000,
,,,0.001421200000,   1.28000,
,,,0.001421600000,   1.26000,
,,,0.001422000000,   1.26000,
,,,0.001422400000,   1.26000,
,,,0.001422800000,   1.28000,
,,,0.001423200000,   1.26000,
,,,0.001423600000,   1.26000,
,,,0.001424000000,   1.28000,
,,,0.001424400000,   1.30000,
,,,0.001424800000,   1.34000,
,,,0.001425200000,   1.40000,
,,,0.001425600000,   1.42000,
,,,0.001426000000,   1.48000,
,,,0.001426400000,   1.54000,
,,,0.001426800000,   1.60000,
,,,0.001427200000,   1.66000,
,,,0.001427600000,   1.72000,
,,,0.001428000000,   1.80000,
,,,0.001428400000,   1.84000,
,,,0.001428800000,   1.92000,
,,,0.001429200000,   1.98000,
,,,0.001429600000,   2.06000,
,,,0.001430000000,   2.10000,
,,,0.001430400000,   2.14000,
,,,0.001430800000,   2.24000,
,,,0.001431200000,   2.30000,
,,,0.001431600000,   2.34000,
,,,0.001432000000,   2.40000,
,,,0.001432400000,   2.42000,
,,,0.001432800000,   2.46000,
,,,0.001433200000,   2.50000,
,,,0.001433600000,   2.52000,
,,,0.001434000000,   2.58000,
,,,0.001434400000,   2.58000,
,,,0.001434800000,   2.60000,
,,,0.001435200000,   2.58000,
,,,0.001435600000,   2.60000,
,,,0.001436000000,   2.60000,
,,,0.001436400000,   2.60000,
,,,0.001436800000,   2.56000,
,,,0.001437200000,   2.56000,
,,,0.001437600000,   2.52000,
,,,0.001438000000,   2.48000,
,,,0.001438400000,   2.42000,
,,,0.001438800000,   2.40000,
,,,0.001439200000,   2.32000,
,,,0.001439600000,   2.28000,
,,,0.001440000000,   2.22000,
,,,0.001440400000,   2.12000,
,,,0.001440800000,   2.06000,
,,,0.001441200000,   1.98000,
,,,0.001441600000,   1.92000,
,,,0.001442000000,   1.82000,
,,,0.001442400000,   1.78000,
,,,0.001442800000,   1.68000,
,,,0.001443200000,   1.62000,
,,,0.001443600000,   1.54000,
,,,0.001444000000,   1.46000,
,,,0.001444400000,   1.40000,
,,,0.001444800000,   1.34000,
,,,0.001445200000,   1.28000,
,,,0.001445600000,   1.26000,
,,,0.001446000000,   1.24000,
,,,0.001446400000,   1.20000,
,,,0.001446800000,   1.20000,
,,,0.001447200000,   1.18000,
,,,0.001447600000,   1.18000,
,,,0.001448000000,   1.20000,
,,,0.001448400000,   1.22000,
,,,0.001448800000,   1.26000,
,,,0.001449200000,   1.28000,
,,,0.001449600000,   1.32000,
,,,0.001450000000,   1.38000,
,,,0.001450400000,   1.42000,
,,,0.001450800000,   1.48000,
,,,0.001451200000,   1.54000,
,,,0.001451600000,   1.60000,
,,,0.001452000000,   1.70000,
,,,0.001452400000,   1.74000,
,,,0.001452800000,   1.82000,
,,,0.001453200000,   1.86000,
,,,0.001453600000,   1.96000,
,,,0.001454000000,   2.02000,
,,,0.001454400000,   2.06000,
,,,0.001454800000,   2.12000,
,,,0.001455200000,   2.22000,
,,,0.001455600000,   2.26000,
,,,0.001456000000,   2.32000,
,,,0.001456400000,   2.36000,
,,,0.001456800000,   2.42000,
,,,0.001457200000,   2.44000,
,,,0.001457600000,   2.46000,
,,,0.001458000000,   2.50000,
,,,0.001458400000,   2.52000,
,,,0.001458800000,   2.54000,
,,,0.001459200000,   2.54000,
,,,0.001459600000,   2.54000,
,,,0.001460000000,   2.56000,
,,,0.001460400000,   2.54000,
,,,0.001460800000,   2.54000,
,,,0.001461200000,   2.54000,
,,,0.001461600000,   2.50000,
,,,0.001462000000,   2.48000,
,,,0.001462400000,   2.44000,
,,,0.001462800000,   2.40000,
,,,0.001463200000,   2.36000,
,,,0.001463600000,   2.30000,
,,,0.001464000000,   2.26000,
,,,0.001464400000,   2.20000,
,,,0.001464800000,   2.16000,
,,,0.001465200000,   2.08000,
,,,0.001465600000,   2.02000,
,,,0.001466000000,   1.96000,
,,,0.001466400000,   1.90000,
,,,0.001466800000,   1.84000,
,,,0.001467200000,   1.78000,
,,,0.001467600000,   1.74000,
,,,0.001468000000,   1.66000,
,,,0.001468400000,   1.62000,
,,,0.001468800000,   1.54000,
,,,0.001469200000,   1.50000,
,,,0.001469600000,   1.46000,
,,,0.001470000000,   1.42000,
,,,0.001470400000,   1.38000,
,,,0.001470800000,   1.36000,
,,,0.001471200000,   1.32000,
,,,0.001471600000,   1.32000,
,,,0.001472000000,   1.30000,
,,,0.001472400000,   1.34000,
,,,0.001472800000,   1.34000,
,,,0.001473200000,   1.34000,
,,,0.001473600000,   1.36000,
,,,0.001474000000,   1.40000,
,,,0.001474400000,   1.40000,
,,,0.001474800000,   1.42000,
,,,0.001475200000,   1.48000,
,,,0.001475600000,   1.52000,
,,,0.001476000000,   1.56000,
,,,0.001476400000,   1.60000,
,,,0.001476800000,   1.66000,
,,,0.001477200000,   1.70000,
,,,0.001477600000,   1.74000,
,,,0.001478000000,   1.82000,
,,,0.001478400000,   1.88000,
,,,0.001478800000,   1.92000,
,,,0.001479200000,   1.98000,
,,,0.001479600000,   2.02000,
,,,0.001480000000,   2.10000,
,,,0.001480400000,   2.12000,
,,,0.001480800000,   2.16000,
,,,0.001481200000,   2.22000,
,,,0.001481600000,   2.24000,
,,,0.001482000000,   2.30000,
,,,0.001482400000,   2.30000,
,,,0.001482800000,   2.32000,
,,,0.001483200000,   2.38000,
,,,0.001483600000,   2.40000,
,,,0.001484000000,   2.42000,
,,,0.001484400000,   2.44000,
,,,0.001484800000,   2.46000,
,,,0.001485200000,   2.44000,
,,,0.001485600000,   2.46000,
,,,0.001486000000,   2.48000,
,,,0.001486400000,   2.44000,
,,,0.001486800000,   2.44000,
,,,0.001487200000,   2.44000,
,,,0.001487600000,   2.42000,
,,,0.001488000000,   2.40000,
,,,0.001488400000,   2.36000,
,,,0.001488800000,   2.34000,
,,,0.001489200000,   2.30000,
,,,0.001489600000,   2.26000,
,,,0.001490000000,   2.20000,
,,,0.001490400000,   2.16000,
,,,0.001490800000,   2.10000,
,,,0.001491200000,   2.06000,
,,,0.001491600000,   2.00000,
,,,0.001492000000,   1.96000,
,,,0.001492400000,   1.90000,
,,,0.001492800000,   1.82000,
,,,0.001493200000,   1.78000,
,,,0.001493600000,   1.72000,
,,,0.001494000000,   1.66000,
,,,0.001494400000,   1.62000,
,,,0.001494800000,   1.56000,
,,,0.001495200000,   1.52000,
,,,0.001495600000,   1.48000,
,,,0.001496000000,   1.42000,
,,,0.001496400000,   1.42000,
,,,0.001496800000,   1.36000,
,,,0.001497200000,   1.36000,
,,,0.001497600000,   1.34000,
,,,0.001498000000,   1.30000,
,,,0.001498400000,   1.30000,
,,,0.001498800000,   1.32000,
,,,0.001499200000,   1.32000,
,,,0.001499600000,   1.32000,
,,,0.001500000000,   1.36000,
,,,0.001500400000,   1.38000,
,,,0.001500800000,   1.42000,
,,,0.001501200000,   1.48000,
,,,0.001501600000,   1.52000,
,,,0.001502000000,   1.58000,
,,,0.001502400000,   1.62000,
,,,0.001502800000,   1.66000,
,,,0.001503200000,   1.72000,
,,,0.001503600000,   1.78000,
,,,0.001504000000,   1.82000,
,,,0.001504400000,   1.90000,
,,,0.001504800000,   1.94000,
,,,0.001505200000,   2.02000,
,,,0.001505600000,   2.06000,
,,,0.001506000000,   2.12000,
,,,0.001506400000,   2.20000,
,,,0.001506800000,   2.22000,
,,,0.001507200000,   2.28000,
,,,0.001507600000,   2.32000,
,,,0.001508000000,   2.36000,
,,,0.001508400000,   2.40000,
,,,0.001508800000,   2.46000,
,,,0.001509200000,   2.46000,
,,,0.001509600000,   2.50000,
,,,0.001510000000,   2.52000,
,,,0.001510400000,   2.52000,
,,,0.001510800000,   2.52000,
,,,0.001511200000,   2.52000,
,,,0.001511600000,   2.52000,
,,,0.001512000000,   2.50000,
,,,0.001512400000,   2.50000,
,,,0.001512800000,   2.46000,
,,,0.001513200000,   2.44000,
,,,0.001513600000,   2.42000,
,,,0.001514000000,   2.40000,
,,,0.001514400000,   2.34000,
,,,0.001514800000,   2.28000,
,,,0.001515200000,   2.22000,
,,,0.001515600000,   2.18000,
,,,0.001516000000,   2.12000,
,,,0.001516400000,   2.06000,
,,,0.001516800000,   2.02000,
,,,0.001517200000,   1.94000,
,,,0.001517600000,   1.90000,
,,,0.001518000000,   1.80000,
,,,0.001518400000,   1.74000,
,,,0.001518800000,   1.68000,
,,,0.001519200000,   1.62000,
,,,0.001519600000,   1.56000,
,,,0.001520000000,   1.52000,
,,,0.001520400000,   1.50000,
,,,0.001520800000,   1.42000,
,,,0.001521200000,   1.38000,
,,,0.001521600000,   1.36000,
,,,0.001522000000,   1.34000,
,,,0.001522400000,   1.32000,
,,,0.001522800000,   1.32000,
,,,0.001523200000,   1.32000,
,,,0.001523600000,   1.30000,
,,,0.001524000000,   1.32000,
,,,0.001524400000,   1.34000,
,,,0.001524800000,   1.40000,
,,,0.001525200000,   1.42000,
,,,0.001525600000,   1.44000,
,,,0.001526000000,   1.48000,
,,,0.001526400000,   1.54000,
,,,0.001526800000,   1.56000,
,,,0.001527200000,   1.62000,
,,,0.001527600000,   1.68000,
,,,0.001528000000,   1.74000,
,,,0.001528400000,   1.80000,
,,,0.001528800000,   1.84000,
,,,0.001529200000,   1.90000,
,,,0.001529600000,   1.96000,
,,,0.001530000000,   2.00000,
,,,0.001530400000,   2.08000,
,,,0.001530800000,   2.10000,
,,,0.001531200000,   2.14000,
,,,0.001531600000,   2.18000,
,,,0.001532000000,   2.24000,
,,,0.001532400000,   2.30000,
,,,0.001532800000,   2.32000,
,,,0.001533200000,   2.34000,
,,,0.001533600000,   2.36000,
,,,0.001534000000,   2.38000,
,,,0.001534400000,   2.40000,
,,,0.001534800000,   2.42000,
,,,0.001535200000,   2.42000,
,,,0.001535600000,   2.44000,
,,,0.001536000000,   2.44000,
,,,0.001536400000,   2.42000,
,,,0.001536800000,   2.42000,
,,,0.001537200000,   2.42000,
,,,0.001537600000,   2.40000,
,,,0.001538000000,   2.34000,
,,,0.001538400000,   2.36000,
,,,0.001538800000,   2.32000,
,,,0.001539200000,   2.28000,
,,,0.001539600000,   2.26000,
,,,0.001540000000,   2.20000,
,,,0.001540400000,   2.16000,
,,,0.001540800000,   2.12000,
,,,0.001541200000,   2.08000,
,,,0.001541600000,   2.04000,
,,,0.001542000000,   2.00000,
,,,0.001542400000,   1.92000,
,,,0.001542800000,   1.86000,
,,,0.001543200000,   1.84000,
,,,0.001543600000,   1.78000,
,,,0.001544000000,   1.78000,
,,,0.001544400000,   1.68000,
,,,0.001544800000,   1.68000,
,,,0.001545200000,   1.62000,
,,,0.001545600000,   1.58000,
,,,0.001546000000,   1.56000,
,,,0.001546400000,   1.52000,
,,,0.001546800000,   1.50000,
,,,0.001547200000,   1.48000,
,,,0.001547600000,   1.46000,
,,,0.001548000000,   1.42000,
,,,0.001548400000,   1.46000,
,,,0.001548800000,   1.46000,
,,,0.001549200000,   1.44000,
,,,0.001549600000,   1.46000,
,,,0.001550000000,   1.46000,
,,,0.001550400000,   1.50000,
,,,0.001550800000,   1.50000,
,,,0.001551200000,   1.52000,
,,,0.001551600000,   1.58000,
,,,0.001552000000,   1.60000,
,,,0.001552400000,   1.60000,
,,,0.001552800000,   1.64000,
,,,0.001553200000,   1.66000,
,,,0.001553600000,   1.74000,
,,,0.001554000000,   1.76000,
,,,0.001554400000,   1.78000,
,,,0.001554800000,   1.86000,
,,,0.001555200000,   1.88000,
,,,0.001555600000,   1.92000,
,,,0.001556000000,   1.98000,
,,,0.001556400000,   2.02000,
,,,0.001556800000,   2.08000,
,,,0.001557200000,   2.10000,
,,,0.001557600000,   2.14000,
,,,0.001558000000,   2.18000,
,,,0.001558400000,   2.22000,
,,,0.001558800000,   2.24000,
,,,0.001559200000,   2.26000,
,,,0.001559600000,   2.32000,
,,,0.001560000000,   2.34000,
,,,0.001560400000,   2.34000,
,,,0.001560800000,   2.36000,
,,,0.001561200000,   2.38000,
,,,0.001561600000,   2.38000,
,,,0.001562000000,   2.38000,
,,,0.001562400000,   2.38000,
,,,0.001562800000,   2.36000,
,,,0.001563200000,   2.38000,
,,,0.001563600000,   2.36000,
,,,0.001564000000,   2.36000,
,,,0.001564400000,   2.32000,
,,,0.001564800000,   2.30000,
,,,0.001565200000,   2.30000,
,,,0.001565600000,   2.28000,
,,,0.001566000000,   2.24000,
,,,0.001566400000,   2.16000,
,,,0.001566800000,   2.14000,
,,,0.001567200000,   2.12000,
,,,0.001567600000,   2.06000,
,,,0.001568000000,   2.00000,
,,,0.001568400000,   1.96000,
,,,0.001568800000,   1.92000,
,,,0.001569200000,   1.88000,
,,,0.001569600000,   1.80000,
,,,0.001570000000,   1.78000,
,,,0.001570400000,   1.70000,
,,,0.001570800000,   1.66000,
,,,0.001571200000,   1.60000,
,,,0.001571600000,   1.54000,
,,,0.001572000000,   1.52000,
,,,0.001572400000,   1.48000,
,,,0.001572800000,   1.46000,
,,,0.001573200000,   1.42000,
,,,0.001573600000,   1.40000,
,,,0.001574000000,   1.38000,
,,,0.001574400000,   1.38000,
,,,0.001574800000,   1.36000,
,,,0.001575200000,   1.38000,
,,,0.001575600000,   1.38000,
,,,0.001576000000,   1.42000,
,,,0.001576400000,   1.44000,
,,,0.001576800000,   1.46000,
,,,0.001577200000,   1.48000,
,,,0.001577600000,   1.50000,
,,,0.001578000000,   1.58000,
,,,0.001578400000,   1.60000,
,,,0.001578800000,   1.66000,
,,,0.001579200000,   1.72000,
,,,0.001579600000,   1.76000,
,,,0.001580000000,   1.80000,
,,,0.001580400000,   1.88000,
,,,0.001580800000,   1.92000,
,,,0.001581200000,   1.98000,
,,,0.001581600000,   2.02000,
,,,0.001582000000,   2.06000,
,,,0.001582400000,   2.12000,
,,,0.001582800000,   2.14000,
,,,0.001583200000,   2.20000,
,,,0.001583600000,   2.24000,
,,,0.001584000000,   2.26000,
,,,0.001584400000,   2.30000,
,,,0.001584800000,   2.34000,
,,,0.001585200000,   2.34000,
,,,0.001585600000,   2.40000,
,,,0.001586000000,   2.40000,
,,,0.001586400000,   2.44000,
,,,0.001586800000,   2.42000,
,,,0.001587200000,   2.44000,
,,,0.001587600000,   2.46000,
,,,0.001588000000,   2.42000,
,,,0.001588400000,   2.42000,
,,,0.001588800000,   2.40000,
,,,0.001589200000,   2.38000,
,,,0.001589600000,   2.34000,
,,,0.001590000000,   2.34000,
,,,0.001590400000,   2.28000,
,,,0.001590800000,   2.24000,
,,,0.001591200000,   2.22000,
,,,0.001591600000,   2.18000,
,,,0.001592000000,   2.12000,
,,,0.001592400000,   2.06000,
,,,0.001592800000,   2.02000,
,,,0.001593200000,   2.00000,
,,,0.001593600000,   1.92000,
,,,0.001594000000,   1.84000,
,,,0.001594400000,   1.80000,
,,,0.001594800000,   1.74000,
,,,0.001595200000,   1.70000,
,,,0.001595600000,   1.64000,
,,,0.001596000000,   1.64000,
,,,0.001596400000,   1.56000,
,,,0.001596800000,   1.52000,
,,,0.001597200000,   1.50000,
,,,0.001597600000,   1.48000,
,,,0.001598000000,   1.48000,
,,,0.001598400000,   1.46000,
,,,0.001598800000,   1.44000,
,,,0.001599200000,   1.44000,
,,,0.001599600000,   1.44000,
,,,0.001600000000,   1.44000,
,,,0.001600400000,   1.44000,
,,,0.001600800000,   1.46000,
,,,0.001601200000,   1.48000,
,,,0.001601600000,   1.50000,
,,,0.001602000000,   1.56000,
,,,0.001602400000,   1.58000,
,,,0.001602800000,   1.62000,
,,,0.001603200000,   1.66000,
,,,0.001603600000,   1.68000,
,,,0.001604000000,   1.72000,
,,,0.001604400000,   1.78000,
,,,0.001604800000,   1.82000,
,,,0.001605200000,   1.88000,
,,,0.001605600000,   1.88000,
,,,0.001606000000,   1.94000,
,,,0.001606400000,   2.00000,
,,,0.001606800000,   2.06000,
,,,0.001607200000,   2.08000,
,,,0.001607600000,   2.12000,
,,,0.001608000000,   2.12000,
,,,0.001608400000,   2.18000,
,,,0.001608800000,   2.20000,
,,,0.001609200000,   2.22000,
,,,0.001609600000,   2.24000,
,,,0.001610000000,   2.26000,
,,,0.001610400000,   2.28000,
,,,0.001610800000,   2.32000,
,,,0.001611200000,   2.32000,
,,,0.001611600000,   2.30000,
,,,0.001612000000,   2.34000,
,,,0.001612400000,   2.34000,
,,,0.001612800000,   2.34000,
,,,0.001613200000,   2.34000,
,,,0.001613600000,   2.30000,
,,,0.001614000000,   2.30000,
,,,0.001614400000,   2.30000,
,,,0.001614800000,   2.28000,
,,,0.001615200000,   2.24000,
,,,0.001615600000,   2.20000,
,,,0.001616000000,   2.20000,
,,,0.001616400000,   2.18000,
,,,0.001616800000,   2.12000,
,,,0.001617200000,   2.10000,
,,,0.001617600000,   2.06000,
,,,0.001618000000,   2.02000,
,,,0.001618400000,   1.98000,
,,,0.001618800000,   1.96000,
,,,0.001619200000,   1.94000,
,,,0.001619600000,   1.86000,
,,,0.001620000000,   1.82000,
,,,0.001620400000,   1.80000,
,,,0.001620800000,   1.78000,
,,,0.001621200000,   1.74000,
,,,0.001621600000,   1.68000,
,,,0.001622000000,   1.64000,
,,,0.001622400000,   1.62000,
,,,0.001622800000,   1.62000,
,,,0.001623200000,   1.62000,
,,,0.001623600000,   1.54000,
,,,0.001624000000,   1.54000,
,,,0.001624400000,   1.52000,
,,,0.001624800000,   1.52000,
,,,0.001625200000,   1.50000,
,,,0.001625600000,   1.50000,
,,,0.001626000000,   1.52000,
,,,0.001626400000,   1.52000,
,,,0.001626800000,   1.54000,
,,,0.001627200000,   1.54000,
,,,0.001627600000,   1.56000,
,,,0.001628000000,   1.56000,
,,,0.001628400000,   1.60000,
,,,0.001628800000,   1.64000,
,,,0.001629200000,   1.64000,
,,,0.001629600000,   1.66000,
,,,0.001630000000,   1.72000,
,,,0.001630400000,   1.76000,
,,,0.001630800000,   1.80000,
,,,0.001631200000,   1.82000,
,,,0.001631600000,   1.86000,
,,,0.001632000000,   1.92000,
,,,0.001632400000,   1.94000,
,,,0.001632800000,   1.98000,
,,,0.001633200000,   2.02000,
,,,0.001633600000,   2.06000,
,,,0.001634000000,   2.12000,
,,,0.001634400000,   2.14000,
,,,0.001634800000,   2.16000,
,,,0.001635200000,   2.22000,
,,,0.001635600000,   2.24000,
,,,0.001636000000,   2.26000,
,,,0.001636400000,   2.28000,
,,,0.001636800000,   2.34000,
,,,0.001637200000,   2.34000,
,,,0.001637600000,   2.34000,
,,,0.001638000000,   2.36000,
,,,0.001638400000,   2.34000,
,,,0.001638800000,   2.36000,
,,,0.001639200000,   2.34000,
,,,0.001639600000,   2.34000,
,,,0.001640000000,   2.30000,
,,,0.001640400000,   2.34000,
,,,0.001640800000,   2.28000,
,,,0.001641200000,   2.26000,
,,,0.001641600000,   2.24000,
,,,0.001642000000,   2.22000,
,,,0.001642400000,   2.18000,
,,,0.001642800000,   2.12000,
,,,0.001643200000,   2.08000,
,,,0.001643600000,   2.06000,
,,,0.001644000000,   2.00000,
,,,0.001644400000,   1.96000,
,,,0.001644800000,   1.94000,
,,,0.001645200000,   1.84000,
,,,0.001645600000,   1.82000,
,,,0.001646000000,   1.76000,
,,,0.001646400000,   1.72000,
,,,0.001646800000,   1.68000,
,,,0.001647200000,   1.66000,
,,,0.001647600000,   1.62000,
,,,0.001648000000,   1.58000,
,,,0.001648400000,   1.54000,
,,,0.001648800000,   1.50000,
,,,0.001649200000,   1.48000,
,,,0.001649600000,   1.46000,
,,,0.001650000000,   1.48000,
,,,0.001650400000,   1.46000,
,,,0.001650800000,   1.44000,
,,,0.001651200000,   1.44000,
,,,0.001651600000,   1.44000,
,,,0.001652000000,   1.48000,
,,,0.001652400000,   1.50000,
,,,0.001652800000,   1.50000,
,,,0.001653200000,   1.54000,
,,,0.001653600000,   1.58000,
,,,0.001654000000,   1.62000,
,,,0.001654400000,   1.64000,
,,,0.001654800000,   1.72000,
,,,0.001655200000,   1.74000,
,,,0.001655600000,   1.80000,
,,,0.001656000000,   1.84000,
,,,0.001656400000,   1.88000,
,,,0.001656800000,   1.92000,
,,,0.001657200000,   1.96000,
,,,0.001657600000,   2.02000,
,,,0.001658000000,   2.08000,
,,,0.001658400000,   2.12000,
,,,0.001658800000,   2.16000,
,,,0.001659200000,   2.16000,
,,,0.001659600000,   2.24000,
,,,0.001660000000,   2.24000,
,,,0.001660400000,   2.30000,
,,,0.001660800000,   2.30000,
,,,0.001661200000,   2.32000,
,,,0.001661600000,   2.32000,
,,,0.001662000000,   2.34000,
,,,0.001662400000,   2.34000,
,,,0.001662800000,   2.36000,
,,,0.001663200000,   2.36000,
,,,0.001663600000,   2.36000,
,,,0.001664000000,   2.34000,
,,,0.001664400000,   2.32000,
,,,0.001664800000,   2.30000,
,,,0.001665200000,   2.28000,
,,,0.001665600000,   2.30000,
,,,0.001666000000,   2.24000,
,,,0.001666400000,   2.20000,
,,,0.001666800000,   2.16000,
,,,0.001667200000,   2.12000,
,,,0.001667600000,   2.08000,
,,,0.001668000000,   2.06000,
,,,0.001668400000,   2.00000,
,,,0.001668800000,   1.96000,
,,,0.001669200000,   1.92000,
,,,0.001669600000,   1.88000,
,,,0.001670000000,   1.82000,
,,,0.001670400000,   1.78000,
,,,0.001670800000,   1.76000,
,,,0.001671200000,   1.72000,
,,,0.001671600000,   1.66000,
,,,0.001672000000,   1.64000,
,,,0.001672400000,   1.62000,
,,,0.001672800000,   1.60000,
,,,0.001673200000,   1.56000,
,,,0.001673600000,   1.56000,
,,,0.001674000000,   1.52000,
,,,0.001674400000,   1.54000,
,,,0.001674800000,   1.54000,
,,,0.001675200000,   1.54000,
,,,0.001675600000,   1.52000,
,,,0.001676000000,   1.54000,
,,,0.001676400000,   1.54000,
,,,0.001676800000,   1.56000,
,,,0.001677200000,   1.58000,
,,,0.001677600000,   1.62000,
,,,0.001678000000,   1.64000,
,,,0.001678400000,   1.66000,
,,,0.001678800000,   1.70000,
,,,0.001679200000,   1.72000,
,,,0.001679600000,   1.74000,
,,,0.001680000000,   1.82000,
,,,0.001680400000,   1.82000,
,,,0.001680800000,   1.84000,
,,,0.001681200000,   1.92000,
,,,0.001681600000,   1.92000,
,,,0.001682000000,   1.96000,
,,,0.001682400000,   2.02000,
,,,0.001682800000,   2.04000,
,,,0.001683200000,   2.06000,
,,,0.001683600000,   2.08000,
,,,0.001684000000,   2.12000,
,,,0.001684400000,   2.14000,
,,,0.001684800000,   2.18000,
,,,0.001685200000,   2.18000,
,,,0.001685600000,   2.22000,
,,,0.001686000000,   2.22000,
,,,0.001686400000,   2.22000,
,,,0.001686800000,   2.26000,
,,,0.001687200000,   2.26000,
,,,0.001687600000,   2.26000,
,,,0.001688000000,   2.26000,
,,,0.001688400000,   2.26000,
,,,0.001688800000,   2.26000,
,,,0.001689200000,   2.26000,
,,,0.001689600000,   2.26000,
,,,0.001690000000,   2.22000,
,,,0.001690400000,   2.20000,
,,,0.001690800000,   2.22000,
,,,0.001691200000,   2.18000,
,,,0.001691600000,   2.18000,
,,,0.001692000000,   2.12000,
,,,0.001692400000,   2.12000,
,,,0.001692800000,   2.08000,
,,,0.001693200000,   2.06000,
,,,0.001693600000,   2.00000,
,,,0.001694000000,   2.00000,
,,,0.001694400000,   1.94000,
,,,0.001694800000,   1.92000,
,,,0.001695200000,   1.88000,
,,,0.001695600000,   1.86000,
,,,0.001696000000,   1.84000,
,,,0.001696400000,   1.78000,
,,,0.001696800000,   1.76000,
,,,0.001697200000,   1.74000,
,,,0.001697600000,   1.68000,
,,,0.001698000000,   1.68000,
,,,0.001698400000,   1.66000,
,,,0.001698800000,   1.62000,
,,,0.001699200000,   1.62000,
,,,0.001699600000,   1.58000,
,,,0.001700000000,   1.60000,
,,,0.001700400000,   1.58000,
,,,0.001700800000,   1.56000,
,,,0.001701200000,   1.56000,
,,,0.001701600000,   1.56000,
,,,0.001702000000,   1.58000,
,,,0.001702400000,   1.60000,
,,,0.001702800000,   1.58000,
,,,0.001703200000,   1.60000,
,,,0.001703600000,   1.62000,
,,,0.001704000000,   1.64000,
,,,0.001704400000,   1.68000,
,,,0.001704800000,   1.68000,
,,,0.001705200000,   1.76000,
,,,0.001705600000,   1.76000,
,,,0.001706000000,   1.80000,
,,,0.001706400000,   1.84000,
,,,0.001706800000,   1.88000,
,,,0.001707200000,   1.90000,
,,,0.001707600000,   1.94000,
,,,0.001708000000,   1.98000,
,,,0.001708400000,   2.02000,
,,,0.001708800000,   2.04000,
,,,0.001709200000,   2.10000,
,,,0.001709600000,   2.12000,
,,,0.001710000000,   2.14000,
,,,0.001710400000,   2.20000,
,,,0.001710800000,   2.22000,
,,,0.001711200000,   2.22000,
,,,0.001711600000,   2.24000,
,,,0.001712000000,   2.26000,
,,,0.001712400000,   2.28000,
,,,0.001712800000,   2.26000,
,,,0.001713200000,   2.28000,
,,,0.001713600000,   2.28000,
,,,0.001714000000,   2.28000,
,,,0.001714400000,   2.28000,
,,,0.001714800000,   2.30000,
,,,0.001715200000,   2.26000,
,,,0.001715600000,   2.26000,
,,,0.001716000000,   2.24000,
,,,0.001716400000,   2.18000,
,,,0.001716800000,   2.18000,
,,,0.001717200000,   2.14000,
,,,0.001717600000,   2.10000,
,,,0.001718000000,   2.10000,
,,,0.001718400000,   2.06000,
,,,0.001718800000,   2.04000,
,,,0.001719200000,   1.94000,
,,,0.001719600000,   1.96000,
,,,0.001720000000,   1.92000,
,,,0.001720400000,   1.86000,
,,,0.001720800000,   1.84000,
,,,0.001721200000,   1.78000,
,,,0.001721600000,   1.74000,
,,,0.001722000000,   1.72000,
,,,0.001722400000,   1.68000,
,,,0.001722800000,   1.66000,
,,,0.001723200000,   1.64000,
,,,0.001723600000,   1.62000,
,,,0.001724000000,   1.58000,
,,,0.001724400000,   1.56000,
,,,0.001724800000,   1.56000,
,,,0.001725200000,   1.56000,
,,,0.001725600000,   1.56000,
,,,0.001726000000,   1.54000,
,,,0.001726400000,   1.56000,
,,,0.001726800000,   1.56000,
,,,0.001727200000,   1.58000,
,,,0.001727600000,   1.60000,
,,,0.001728000000,   1.62000,
,,,0.001728400000,   1.66000,
,,,0.001728800000,   1.66000,
,,,0.001729200000,   1.70000,
,,,0.001729600000,   1.72000,
,,,0.001730000000,   1.80000,
,,,0.001730400000,   1.80000,
,,,0.001730800000,   1.86000,
,,,0.001731200000,   1.88000,
,,,0.001731600000,   1.90000,
,,,0.001732000000,   1.92000,
,,,0.001732400000,   1.96000,
,,,0.001732800000,   2.00000,
,,,0.001733200000,   2.06000,
,,,0.001733600000,   2.08000,
,,,0.001734000000,   2.12000,
,,,0.001734400000,   2.12000,
,,,0.001734800000,   2.14000,
,,,0.001735200000,   2.18000,
,,,0.001735600000,   2.20000,
,,,0.001736000000,   2.22000,
,,,0.001736400000,   2.22000,
,,,0.001736800000,   2.24000,
,,,0.001737200000,   2.24000,
,,,0.001737600000,   2.26000,
,,,0.001738000000,   2.26000,
,,,0.001738400000,   2.24000,
,,,0.001738800000,   2.26000,
,,,0.001739200000,   2.24000,
,,,0.001739600000,   2.22000,
,,,0.001740000000,   2.20000,
,,,0.001740400000,   2.18000,
,,,0.001740800000,   2.18000,
,,,0.001741200000,   2.14000,
,,,0.001741600000,   2.12000,
,,,0.001742000000,   2.12000,
,,,0.001742400000,   2.04000,
,,,0.001742800000,   2.06000,
,,,0.001743200000,   2.00000,
,,,0.001743600000,   1.96000,
,,,0.001744000000,   1.94000,
,,,0.001744400000,   1.92000,
,,,0.001744800000,   1.88000,
,,,0.001745200000,   1.86000,
,,,0.001745600000,   1.82000,
,,,0.001746000000,   1.78000,
,,,0.001746400000,   1.76000,
,,,0.001746800000,   1.74000,
,,,0.001747200000,   1.68000,
,,,0.001747600000,   1.70000,
,,,0.001748000000,   1.66000,
,,,0.001748400000,   1.66000,
,,,0.001748800000,   1.64000,
,,,0.001749200000,   1.62000,
,,,0.001749600000,   1.64000,
,,,0.001750000000,   1.64000,
,,,0.001750400000,   1.64000,
,,,0.001750800000,   1.64000,
,,,0.001751200000,   1.64000,
,,,0.001751600000,   1.64000,
,,,0.001752000000,   1.68000,
,,,0.001752400000,   1.66000,
,,,0.001752800000,   1.70000,
,,,0.001753200000,   1.72000,
,,,0.001753600000,   1.74000,
,,,0.001754000000,   1.76000,
,,,0.001754400000,   1.80000,
,,,0.001754800000,   1.82000,
,,,0.001755200000,   1.84000,
,,,0.001755600000,   1.86000,
,,,0.001756000000,   1.88000,
,,,0.001756400000,   1.90000,
,,,0.001756800000,   1.92000,
,,,0.001757200000,   1.96000,
,,,0.001757600000,   1.96000,
,,,0.001758000000,   2.02000,
,,,0.001758400000,   2.00000,
,,,0.001758800000,   2.04000,
,,,0.001759200000,   2.04000,
,,,0.001759600000,   2.08000,
,,,0.001760000000,   2.10000,
,,,0.001760400000,   2.12000,
,,,0.001760800000,   2.12000,
,,,0.001761200000,   2.14000,
,,,0.001761600000,   2.14000,
,,,0.001762000000,   2.14000,
,,,0.001762400000,   2.16000,
,,,0.001762800000,   2.16000,
,,,0.001763200000,   2.16000,
,,,0.001763600000,   2.16000,
,,,0.001764000000,   2.16000,
,,,0.001764400000,   2.14000,
,,,0.001764800000,   2.16000,
,,,0.001765200000,   2.14000,
,,,0.001765600000,   2.12000,
,,,0.001766000000,   2.12000,
,,,0.001766400000,   2.10000,
,,,0.001766800000,   2.08000,
,,,0.001767200000,   2.08000,
,,,0.001767600000,   2.04000,
,,,0.001768000000,   2.02000,
,,,0.001768400000,   2.00000,
,,,0.001768800000,   2.00000,
,,,0.001769200000,   1.94000,
,,,0.001769600000,   1.94000,
,,,0.001770000000,   1.92000,
,,,0.001770400000,   1.88000,
,,,0.001770800000,   1.88000,
,,,0.001771200000,   1.84000,
,,,0.001771600000,   1.84000,
,,,0.001772000000,   1.80000,
,,,0.001772400000,   1.78000,
,,,0.001772800000,   1.76000,
,,,0.001773200000,   1.74000,
,,,0.001773600000,   1.74000,
,,,0.001774000000,   1.70000,
,,,0.001774400000,   1.70000,
,,,0.001774800000,   1.70000,
,,,0.001775200000,   1.70000,
,,,0.001775600000,   1.66000,
,,,0.001776000000,   1.70000,
,,,0.001776400000,   1.66000,
,,,0.001776800000,   1.68000,
,,,0.001777200000,   1.70000,
,,,0.001777600000,   1.72000,
,,,0.001778000000,   1.70000,
,,,0.001778400000,   1.72000,
,,,0.001778800000,   1.74000,
,,,0.001779200000,   1.76000,
,,,0.001779600000,   1.76000,
,,,0.001780000000,   1.78000,
,,,0.001780400000,   1.82000,
,,,0.001780800000,   1.84000,
,,,0.001781200000,   1.84000,
,,,0.001781600000,   1.90000,
,,,0.001782000000,   1.88000,
,,,0.001782400000,   1.94000,
,,,0.001782800000,   1.96000,
,,,0.001783200000,   1.96000,
,,,0.001783600000,   2.02000,
,,,0.001784000000,   2.02000,
,,,0.001784400000,   2.04000,
,,,0.001784800000,   2.08000,
,,,0.001785200000,   2.08000,
,,,0.001785600000,   2.08000,
,,,0.001786000000,   2.12000,
,,,0.001786400000,   2.14000,
,,,0.001786800000,   2.14000,
,,,0.001787200000,   2.16000,
,,,0.001787600000,   2.14000,
,,,0.001788000000,   2.16000,
,,,0.001788400000,   2.18000,
,,,0.001788800000,   2.18000,
,,,0.001789200000,   2.16000,
,,,0.001789600000,   2.18000,
,,,0.001790000000,   2.16000,
,,,0.001790400000,   2.14000,
,,,0.001790800000,   2.12000,
,,,0.001791200000,   2.12000,
,,,0.001791600000,   2.08000,
,,,0.001792000000,   2.08000,
,,,0.001792400000,   2.08000,
,,,0.001792800000,   2.02000,
,,,0.001793200000,   2.02000,
,,,0.001793600000,   1.98000,
,,,0.001794000000,   1.94000,
,,,0.001794400000,   1.94000,
,,,0.001794800000,   1.90000,
,,,0.001795200000,   1.86000,
,,,0.001795600000,   1.84000,
,,,0.001796000000,   1.82000,
,,,0.001796400000,   1.80000,
,,,0.001796800000,   1.80000,
,,,0.001797200000,   1.74000,
,,,0.001797600000,   1.72000,
,,,0.001798000000,   1.74000,
,,,0.001798400000,   1.70000,
,,,0.001798800000,   1.70000,
,,,0.001799200000,   1.68000,
,,,0.001799600000,   1.68000,
,,,0.001800000000,   1.68000,
,,,0.001800400000,   1.70000,
,,,0.001800800000,   1.68000,
,,,0.001801200000,   1.70000,
,,,0.001801600000,   1.68000,
,,,0.001802000000,   1.70000,
,,,0.001802400000,   1.74000,
,,,0.001802800000,   1.74000,
,,,0.001803200000,   1.74000,
,,,0.001803600000,   1.76000,
,,,0.001804000000,   1.80000,
,,,0.001804400000,   1.78000,
,,,0.001804800000,   1.84000,
,,,0.001805200000,   1.86000,
,,,0.001805600000,   1.90000,
,,,0.001806000000,   1.92000,
,,,0.001806400000,   1.94000,
,,,0.001806800000,   1.98000,
,,,0.001807200000,   1.98000,
,,,0.001807600000,   2.00000,
,,,0.001808000000,   2.02000,
,,,0.001808400000,   2.04000,
,,,0.001808800000,   2.04000,
,,,0.001809200000,   2.08000,
,,,0.001809600000,   2.08000,
,,,0.001810000000,   2.08000,
,,,0.001810400000,   2.10000,
,,,0.001810800000,   2.10000,
,,,0.001811200000,   2.10000,
,,,0.001811600000,   2.12000,
,,,0.001812000000,   2.12000,
,,,0.001812400000,   2.14000,
,,,0.001812800000,   2.10000,
,,,0.001813200000,   2.12000,
,,,0.001813600000,   2.08000,
,,,0.001814000000,   2.10000,
,,,0.001814400000,   2.08000,
,,,0.001814800000,   2.08000,
,,,0.001815200000,   2.08000,
,,,0.001815600000,   2.04000,
,,,0.001816000000,   2.04000,
,,,0.001816400000,   2.00000,
,,,0.001816800000,   1.98000,
,,,0.001817200000,   1.98000,
,,,0.001817600000,   1.96000,
,,,0.001818000000,   1.94000,
,,,0.001818400000,   1.94000,
,,,0.001818800000,   1.92000,
,,,0.001819200000,   1.92000,
,,,0.001819600000,   1.86000,
,,,0.001820000000,   1.84000,
,,,0.001820400000,   1.84000,
,,,0.001820800000,   1.82000,
,,,0.001821200000,   1.80000,
,,,0.001821600000,   1.78000,
,,,0.001822000000,   1.80000,
,,,0.001822400000,   1.78000,
,,,0.001822800000,   1.76000,
,,,0.001823200000,   1.78000,
,,,0.001823600000,   1.78000,
,,,0.001824000000,   1.78000,
,,,0.001824400000,   1.78000,
,,,0.001824800000,   1.78000,
,,,0.001825200000,   1.76000,
,,,0.001825600000,   1.78000,
,,,0.001826000000,   1.78000,
,,,0.001826400000,   1.78000,
,,,0.001826800000,   1.80000,
,,,0.001827200000,   1.78000,
,,,0.001827600000,   1.82000,
,,,0.001828000000,   1.80000,
,,,0.001828400000,   1.82000,
,,,0.001828800000,   1.84000,
,,,0.001829200000,   1.86000,
,,,0.001829600000,   1.86000,
,,,0.001830000000,   1.88000,
,,,0.001830400000,   1.90000,
,,,0.001830800000,   1.92000,
,,,0.001831200000,   1.94000,
,,,0.001831600000,   1.92000,
,,,0.001832000000,   1.92000,
,,,0.001832400000,   1.96000,
,,,0.001832800000,   1.96000,
,,,0.001833200000,   1.96000,
,,,0.001833600000,   2.00000,
,,,0.001834000000,   2.02000,
,,,0.001834400000,   2.02000,
,,,0.001834800000,   2.02000,
,,,0.001835200000,   2.02000,
,,,0.001835600000,   2.04000,
,,,0.001836000000,   2.04000,
,,,0.001836400000,   2.02000,
,,,0.001836800000,   2.02000,
,,,0.001837200000,   2.06000,
,,,0.001837600000,   2.06000,
,,,0.001838000000,   2.06000,
,,,0.001838400000,   2.04000,
,,,0.001838800000,   2.08000,
,,,0.001839200000,   2.04000,
,,,0.001839600000,   2.04000,
,,,0.001840000000,   2.02000,
,,,0.001840400000,   2.02000,
,,,0.001840800000,   2.04000,
,,,0.001841200000,   2.02000,
,,,0.001841600000,   2.02000,
,,,0.001842000000,   2.00000,
,,,0.001842400000,   1.98000,
,,,0.001842800000,   1.98000,
,,,0.001843200000,   1.96000,
,,,0.001843600000,   1.98000,
,,,0.001844000000,   1.94000,
,,,0.001844400000,   1.94000,
,,,0.001844800000,   1.90000,
,,,0.001845200000,   1.88000,
,,,0.001845600000,   1.90000,
,,,0.001846000000,   1.88000,
,,,0.001846400000,   1.88000,
,,,0.001846800000,   1.86000,
,,,0.001847200000,   1.86000,
,,,0.001847600000,   1.82000,
,,,0.001848000000,   1.82000,
,,,0.001848400000,   1.82000,
,,,0.001848800000,   1.82000,
,,,0.001849200000,   1.80000,
,,,0.001849600000,   1.78000,
,,,0.001850000000,   1.78000,
,,,0.001850400000,   1.76000,
,,,0.001850800000,   1.78000,
,,,0.001851200000,   1.78000,
,,,0.001851600000,   1.78000,
,,,0.001852000000,   1.78000,
,,,0.001852400000,   1.78000,
,,,0.001852800000,   1.82000,
,,,0.001853200000,   1.76000,
,,,0.001853600000,   1.82000,
,,,0.001854000000,   1.84000,
,,,0.001854400000,   1.84000,
,,,0.001854800000,   1.84000,
,,,0.001855200000,   1.88000,
,,,0.001855600000,   1.86000,
,,,0.001856000000,   1.88000,
,,,0.001856400000,   1.90000,
,,,0.001856800000,   1.92000,
,,,0.001857200000,   1.92000,
,,,0.001857600000,   1.96000,
,,,0.001858000000,   1.96000,
,,,0.001858400000,   1.98000,
,,,0.001858800000,   2.00000,
,,,0.001859200000,   2.00000,
,,,0.001859600000,   2.00000,
,,,0.001860000000,   2.02000,
,,,0.001860400000,   2.04000,
,,,0.001860800000,   2.06000,
,,,0.001861200000,   2.06000,
,,,0.001861600000,   2.06000,
,,,0.001862000000,   2.08000,
,,,0.001862400000,   2.08000,
,,,0.001862800000,   2.06000,
,,,0.001863200000,   2.08000,
,,,0.001863600000,   2.06000,
,,,0.001864000000,   2.06000,
,,,0.001864400000,   2.06000,
,,,0.001864800000,   2.08000,
,,,0.001865200000,   2.02000,
,,,0.001865600000,   2.02000,
,,,0.001866000000,   2.02000,
,,,0.001866400000,   2.00000,
,,,0.001866800000,   2.00000,
,,,0.001867200000,   1.98000,
,,,0.001867600000,   1.98000,
,,,0.001868000000,   1.96000,
,,,0.001868400000,   1.94000,
,,,0.001868800000,   1.92000,
,,,0.001869200000,   1.90000,
,,,0.001869600000,   1.92000,
,,,0.001870000000,   1.88000,
,,,0.001870400000,   1.86000,
,,,0.001870800000,   1.86000,
,,,0.001871200000,   1.84000,
,,,0.001871600000,   1.84000,
,,,0.001872000000,   1.82000,
,,,0.001872400000,   1.78000,
,,,0.001872800000,   1.80000,
,,,0.001873200000,   1.80000,
,,,0.001873600000,   1.78000,
,,,0.001874000000,   1.78000,
,,,0.001874400000,   1.78000,
,,,0.001874800000,   1.78000,
,,,0.001875200000,   1.78000,
,,,0.001875600000,   1.78000,
,,,0.001876000000,   1.78000,
,,,0.001876400000,   1.80000,
,,,0.001876800000,   1.78000,
,,,0.001877200000,   1.84000,
,,,0.001877600000,   1.80000,
,,,0.001878000000,   1.86000,
,,,0.001878400000,   1.86000,
,,,0.001878800000,   1.86000,
,,,0.001879200000,   1.88000,
,,,0.001879600000,   1.88000,
,,,0.001880000000,   1.90000,
,,,0.001880400000,   1.92000,
,,,0.001880800000,   1.92000,
,,,0.001881200000,   1.94000,
,,,0.001881600000,   1.96000,
,,,0.001882000000,   1.98000,
,,,0.001882400000,   1.98000,
,,,0.001882800000,   1.98000,
,,,0.001883200000,   2.00000,
,,,0.001883600000,   2.02000,
,,,0.001884000000,   2.04000,
,,,0.001884400000,   2.04000,
,,,0.001884800000,   2.04000,
,,,0.001885200000,   2.02000,
,,,0.001885600000,   2.06000,
,,,0.001886000000,   2.04000,
,,,0.001886400000,   2.02000,
,,,0.001886800000,   2.04000,
,,,0.001887200000,   2.04000,
,,,0.001887600000,   2.04000,
,,,0.001888000000,   2.02000,
,,,0.001888400000,   2.02000,
,,,0.001888800000,   2.02000,
,,,0.001889200000,   1.98000,
,,,0.001889600000,   1.98000,
,,,0.001890000000,   1.98000,
,,,0.001890400000,   1.94000,
,,,0.001890800000,   1.96000,
,,,0.001891200000,   1.94000,
,,,0.001891600000,   1.94000,
,,,0.001892000000,   1.92000,
,,,0.001892400000,   1.94000,
,,,0.001892800000,   1.90000,
,,,0.001893200000,   1.90000,
,,,0.001893600000,   1.90000,
,,,0.001894000000,   1.90000,
,,,0.001894400000,   1.88000,
,,,0.001894800000,   1.86000,
,,,0.001895200000,   1.86000,
,,,0.001895600000,   1.86000,
,,,0.001896000000,   1.86000,
,,,0.001896400000,   1.84000,
,,,0.001896800000,   1.84000,
,,,0.001897200000,   1.82000,
,,,0.001897600000,   1.84000,
,,,0.001898000000,   1.86000,
,,,0.001898400000,   1.86000,
,,,0.001898800000,   1.84000,
,,,0.001899200000,   1.86000,
,,,0.001899600000,   1.86000,
,,,0.001900000000,   1.84000,
,,,0.001900400000,   1.86000,
,,,0.001900800000,   1.86000,
,,,0.001901200000,   1.86000,
,,,0.001901600000,   1.88000,
,,,0.001902000000,   1.86000,
,,,0.001902400000,   1.86000,
,,,0.001902800000,   1.88000,
,,,0.001903200000,   1.88000,
,,,0.001903600000,   1.88000,
,,,0.001904000000,   1.92000,
,,,0.001904400000,   1.92000,
,,,0.001904800000,   1.90000,
,,,0.001905200000,   1.92000,
,,,0.001905600000,   1.92000,
,,,0.001906000000,   1.94000,
,,,0.001906400000,   1.96000,
,,,0.001906800000,   1.94000,
,,,0.001907200000,   1.94000,
,,,0.001907600000,   1.96000,
,,,0.001908000000,   1.94000,
,,,0.001908400000,   1.96000,
,,,0.001908800000,   1.96000,
,,,0.001909200000,   1.96000,
,,,0.001909600000,   1.96000,
,,,0.001910000000,   1.98000,
,,,0.001910400000,   1.96000,
,,,0.001910800000,   1.96000,
,,,0.001911200000,   1.96000,
,,,0.001911600000,   1.98000,
,,,0.001912000000,   1.96000,
,,,0.001912400000,   1.96000,
,,,0.001912800000,   1.98000,
,,,0.001913200000,   1.98000,
,,,0.001913600000,   1.96000,
,,,0.001914000000,   1.98000,
,,,0.001914400000,   1.96000,
,,,0.001914800000,   1.96000,
,,,0.001915200000,   1.94000,
,,,0.001915600000,   1.96000,
,,,0.001916000000,   1.96000,
,,,0.001916400000,   1.98000,
,,,0.001916800000,   1.96000,
,,,0.001917200000,   1.94000,
,,,0.001917600000,   1.94000,
,,,0.001918000000,   1.96000,
,,,0.001918400000,   1.94000,
,,,0.001918800000,   1.90000,
,,,0.001919200000,   1.92000,
,,,0.001919600000,   1.92000,
